metric,coverage,quantity,point_estimate,ci_low,ci_high,n_bootstrap
location_weight_mass,,nAURC(MAE),0.9352597936416819,0.9270531708529484,0.9439697841835276,200
location_weight_mass,1.0,mae,0.04376565858326776,0.042636013729027485,0.04497687673750584,200
location_weight_mass,1.0,rmse,0.10466437672205937,0.10216739374572406,0.10750846141453733,200
location_weight_mass,0.95,mae,0.04156207715832017,0.04043682370845129,0.042787031512221296,200
location_weight_mass,0.95,rmse,0.10057342870140751,0.09769969194847895,0.10325249442092031,200
location_weight_mass,0.9,mae,0.04133791063378018,0.04022199287272136,0.04244685080289208,200
location_weight_mass,0.9,rmse,0.10022852357648254,0.09742544275504894,0.1030174545149814,200
location_weight_mass,0.8,mae,0.040722209381658506,0.039548818142811734,0.04182671252810507,200
location_weight_mass,0.8,rmse,0.10029394800719946,0.09778997958602732,0.10317908787448657,200
location_weight_mass,0.7,mae,0.03915322359546911,0.0380362067080975,0.04028153649385638,200
location_weight_mass,0.7,rmse,0.09761581311208582,0.09497622218571314,0.10075460637302155,200
location_weight_mass,0.5,mae,0.042532183815661394,0.04116003923529567,0.043679038688546806,200
location_weight_mass,0.5,rmse,0.10511126503485958,0.10171629791316084,0.10913163915591033,200
n_eff,,nAURC(MAE),0.9346438877109785,0.9270139877361303,0.948209532601602,200
n_eff,1.0,mae,0.04376565858326776,0.042636013729027485,0.04497687673750583,200
n_eff,1.0,rmse,0.10466437672205937,0.10216739374572405,0.10750846141453735,200
n_eff,0.95,mae,0.043159213993068074,0.042008337804204744,0.044400237255293754,200
n_eff,0.95,rmse,0.10369105284701696,0.10096751142055119,0.10638670045756893,200
n_eff,0.9,mae,0.042493684476753515,0.041249777414631913,0.04378184504303573,200
n_eff,0.9,rmse,0.10260391297442432,0.09980153609893914,0.10556517661048034,200
n_eff,0.8,mae,0.040913896022739135,0.039553726049570276,0.04218008062003815,200
n_eff,0.8,rmse,0.0999508575358157,0.09697484431563358,0.10302597842590844,200
n_eff,0.7,mae,0.03984937364863533,0.03850296363430547,0.041064120362043814,200
n_eff,0.7,rmse,0.09830632123308046,0.09538350700101374,0.10131706257424986,200
n_eff,0.5,mae,0.03985814076945569,0.038474140235765744,0.04114435384364098,200
n_eff,0.5,rmse,0.09823973065751739,0.09466141501857422,0.10181254009120162,200
n_eff_fraction,,nAURC(MAE),1.08087204872737,1.0693630766702762,1.090747887239269,200
n_eff_fraction,1.0,mae,0.04376565858326776,0.042636013729027485,0.04497687673750583,200
n_eff_fraction,1.0,rmse,0.10466437672205937,0.10216739374572405,0.10750846141453735,200
n_eff_fraction,0.95,mae,0.04446543637784789,0.04335237758417472,0.04574877064213932,200
n_eff_fraction,0.95,rmse,0.10597363911163388,0.10327442556151548,0.10894247080122536,200
n_eff_fraction,0.9,mae,0.04507099472856847,0.04391478809247843,0.04635682268488653,200
n_eff_fraction,0.9,rmse,0.10707154339322215,0.10422488227505411,0.1102960251032935,200
n_eff_fraction,0.8,mae,0.046235553366283426,0.04490985342798244,0.047574482704113054,200
n_eff_fraction,0.8,rmse,0.10909797993261947,0.10622794274715618,0.11240703975277681,200
n_eff_fraction,0.7,mae,0.0476673188631094,0.0462797175667383,0.04927017813386635,200
n_eff_fraction,0.7,rmse,0.11109072838599456,0.10820150355611703,0.11454601757826895,200
n_eff_fraction,0.5,mae,0.05161268386366544,0.04987673370384009,0.05330026064926243,200
n_eff_fraction,0.5,rmse,0.11712420798932194,0.11333214587921028,0.12080642065800665,200
n_neighbors,,nAURC(MAE),0.9115023334290335,0.8999930050768697,0.923773226268672,200
n_neighbors,1.0,mae,0.04376565858326776,0.042636013729027485,0.04497687673750583,200
n_neighbors,1.0,rmse,0.10466437672205937,0.10216739374572405,0.10750846141453735,200
n_neighbors,0.95,mae,0.04308888901350413,0.04195046480519154,0.04424918542333817,200
n_neighbors,0.95,rmse,0.10355840420848768,0.10088995169397519,0.1065071157100077,200
n_neighbors,0.9,mae,0.042315228578628156,0.0411545577039954,0.04353925093790582,200
n_neighbors,0.9,rmse,0.10225231450467664,0.09957134992085678,0.10514788103698504,200
n_neighbors,0.8,mae,0.04050866321658045,0.039259264647313274,0.04187604768736029,200
n_neighbors,0.8,rmse,0.09919372414346325,0.09617762873225214,0.10235095695052747,200
n_neighbors,0.7,mae,0.03905911412040317,0.037748563156482444,0.04028498535752405,200
n_neighbors,0.7,rmse,0.0965554558604962,0.09346639051846761,0.09982776476612551,200
n_neighbors,0.5,mae,0.03622421586250475,0.03468934296461468,0.03752233348489062,200
n_neighbors,0.5,rmse,0.0907535849713219,0.08692748998161759,0.09427119525471168,200
n_unique_states,,nAURC(MAE),0.9039142409822063,0.8917035718742227,0.9176160509598399,200
n_unique_states,1.0,mae,0.04376565858326777,0.0426360137290275,0.04497687673750583,200
n_unique_states,1.0,rmse,0.10466437672205937,0.10216739374572405,0.10750846141453733,200
n_unique_states,0.95,mae,0.04307171176899071,0.04195346055150275,0.04423601572991229,200
n_unique_states,0.95,rmse,0.10345063336820236,0.10086390139655342,0.10648494639355113,200
n_unique_states,0.9,mae,0.04231390274869289,0.04112497241559659,0.04346297157753112,200
n_unique_states,0.9,rmse,0.10209254357846312,0.09947214846122009,0.10528666716648076,200
n_unique_states,0.8,mae,0.040491724415495936,0.039250001219553195,0.04153773217807428,200
n_unique_states,0.8,rmse,0.09877769460194791,0.09566394682523754,0.10173434703054367,200
n_unique_states,0.7,mae,0.03830993978184203,0.036995969222558114,0.039563859819470165,200
n_unique_states,0.7,rmse,0.09465651489461806,0.09143902285895407,0.09767614623519925,200
n_unique_states,0.5,mae,0.03585454759547387,0.034487019608643005,0.03706348392668318,200
n_unique_states,0.5,rmse,0.09024093601510724,0.08670610779197331,0.09371382306543817,200
neighborhood_compactness,,nAURC(MAE),0.9609168443190368,0.9526559889096191,0.9735149498998428,200
neighborhood_compactness,1.0,mae,0.039993216238558435,0.03872742400252805,0.04114953861845423,200
neighborhood_compactness,1.0,rmse,0.0983155295218134,0.09546303950691414,0.10156200640442169,200
neighborhood_compactness,0.95,mae,0.03935586656280952,0.03814639074930906,0.04070027867065603,200
neighborhood_compactness,0.95,rmse,0.09723433906725207,0.09439215623461321,0.10072301601699013,200
neighborhood_compactness,0.9,mae,0.038724617085953435,0.03748109801804139,0.04000708748526483,200
neighborhood_compactness,0.9,rmse,0.09601070038178389,0.09323647179923263,0.09928144492328629,200
neighborhood_compactness,0.8,mae,0.03800485519605454,0.03682219912036184,0.03918056733768286,200
neighborhood_compactness,0.8,rmse,0.09514116339316354,0.09225782654990929,0.09836474418403961,200
neighborhood_compactness,0.7,mae,0.03767518118244291,0.03644430106939132,0.0390037966567655,200
neighborhood_compactness,0.7,rmse,0.09478954213479174,0.09146019384074709,0.09799461400370299,200
neighborhood_compactness,0.5,mae,0.039007041666832915,0.037327071322155035,0.040442641716844044,200
neighborhood_compactness,0.5,rmse,0.09751793220232083,0.09408730869930368,0.10177603703112435,200
cct_weighted_std,,nAURC(MAE),0.8456319777788474,0.8331226346782074,0.8583846977741718,200
cct_weighted_std,1.0,mae,0.039993216238558435,0.03872742400252805,0.04114953861845423,200
cct_weighted_std,1.0,rmse,0.0983155295218134,0.09546303950691414,0.10156200640442167,200
cct_weighted_std,0.95,mae,0.036170601533121446,0.03505006155267321,0.03752447509012623,200
cct_weighted_std,0.95,rmse,0.09139213152621643,0.08895149658364487,0.09453978548887056,200
cct_weighted_std,0.9,mae,0.03487095925759922,0.03376063975653795,0.03624001608484029,200
cct_weighted_std,0.9,rmse,0.08985190566374789,0.08726327405899696,0.0934526327670783,200
cct_weighted_std,0.8,mae,0.03393391704303564,0.03282571196153743,0.0353082679161773,200
cct_weighted_std,0.8,rmse,0.08876569493542967,0.0859954886522282,0.09205367028129274,200
cct_weighted_std,0.7,mae,0.03302755614241341,0.0319733987318919,0.034345840700980804,200
cct_weighted_std,0.7,rmse,0.08741749528899684,0.0843442069795751,0.09100274662646245,200
cct_weighted_std,0.5,mae,0.031265876923274066,0.030062659660822146,0.03261884325174723,200
cct_weighted_std,0.5,rmse,0.08579754309435497,0.08222296476916861,0.0897555396156654,200
cct_distance_correlation_abs,,nAURC(MAE),1.143042172642881,1.1341398801381786,1.1516632569038128,200
cct_distance_correlation_abs,1.0,mae,0.040581571635723714,0.03918327389461208,0.04184451678587613,200
cct_distance_correlation_abs,1.0,rmse,0.09783068588310673,0.09451134118179785,0.10093104299598245,200
cct_distance_correlation_abs,0.95,mae,0.042005325116411425,0.040552877121844716,0.04324398980108961,200
cct_distance_correlation_abs,0.95,rmse,0.09975474522636928,0.09640058583009459,0.10305566939201649,200
cct_distance_correlation_abs,0.9,mae,0.04362928589606101,0.0421247140975711,0.044901663841665884,200
cct_distance_correlation_abs,0.9,rmse,0.10183196466358795,0.09847774055858956,0.10497783204604548,200
cct_distance_correlation_abs,0.8,mae,0.0466197827085567,0.045118805813774664,0.0480121561808852,200
cct_distance_correlation_abs,0.8,rmse,0.10571908540321204,0.10216449639157453,0.10939699228512613,200
cct_distance_correlation_abs,0.7,mae,0.04831432333757066,0.04674865282088308,0.04975195077782001,200
cct_distance_correlation_abs,0.7,rmse,0.10837154365554735,0.10463980018973197,0.1120149885686051,200
cct_distance_correlation_abs,0.5,mae,0.04895311115264171,0.04722165150483296,0.0507113688709973,200
cct_distance_correlation_abs,0.5,rmse,0.10956175255979315,0.1054654723694242,0.11329328739348214,200
distance_min,,nAURC(MAE),0.7911157519794839,0.7782777981995597,0.802389437146283,200
distance_min,1.0,mae,0.04376565858326776,0.042636013729027485,0.04497687673750583,200
distance_min,1.0,rmse,0.10466437672205937,0.10216739374572406,0.10750846141453735,200
distance_min,0.95,mae,0.0419707296816952,0.04067048093940615,0.04309612357630607,200
distance_min,0.95,rmse,0.10109147679755363,0.09840482773656493,0.10400901498297005,200
distance_min,0.9,mae,0.03964624254753897,0.03847761368726019,0.040871578859077815,200
distance_min,0.9,rmse,0.09670630080503788,0.09403386890557774,0.09956612399660404,200
distance_min,0.8,mae,0.03584516051483143,0.034872005227272115,0.03703926397064008,200
distance_min,0.8,rmse,0.09007442828337311,0.08730106428203724,0.09301750269331573,200
distance_min,0.7,mae,0.03237007708747839,0.03129414207573919,0.03366939488231304,200
distance_min,0.7,rmse,0.08424901086064676,0.08084157603342608,0.0874831097148466,200
distance_min,0.5,mae,0.02688374037698761,0.025741284564697743,0.028026328575328247,200
distance_min,0.5,rmse,0.07316907798512284,0.07018152163090739,0.07629334745708385,200
distance_mean,,nAURC(MAE),0.869781492899025,0.8551702636894596,0.8837558101700748,200
distance_mean,1.0,mae,0.04376565858326776,0.042636013729027485,0.044976876737505826,200
distance_mean,1.0,rmse,0.10466437672205937,0.10216739374572405,0.10750846141453733,200
distance_mean,0.95,mae,0.04249388785574288,0.041225324867565874,0.04363539458852764,200
distance_mean,0.95,rmse,0.10215276264699376,0.09913086183792678,0.105070223792743,200
distance_mean,0.9,mae,0.04129305717473659,0.04014088498742333,0.04242764199043017,200
distance_mean,0.9,rmse,0.10003554937288939,0.09750050796763698,0.10283832668533707,200
distance_mean,0.8,mae,0.038680805329518037,0.037512450051374095,0.039966387330531,200
distance_mean,0.8,rmse,0.09523390817340446,0.09230651656852995,0.0981651270854042,200
distance_mean,0.7,mae,0.036608589098160525,0.03552764684489267,0.03785784845963089,200
distance_mean,0.7,rmse,0.09174882721629181,0.08847014189243692,0.09512756701093773,200
distance_mean,0.5,mae,0.03349150971363744,0.03215547916218873,0.03489109079653802,200
distance_mean,0.5,rmse,0.08696339727921253,0.08298055471401042,0.0910376946387087,200
distance_median,,nAURC(MAE),0.8730063994393565,0.8571249601487462,0.8876161631288138,200
distance_median,1.0,mae,0.04376565858326776,0.042636013729027485,0.04497687673750583,200
distance_median,1.0,rmse,0.10466437672205937,0.10216739374572405,0.10750846141453735,200
distance_median,0.95,mae,0.042707699444630404,0.04142928118941072,0.04384599473499431,200
distance_median,0.95,rmse,0.10261416063058601,0.09975876823657409,0.10552644356036632,200
distance_median,0.9,mae,0.04167733389504228,0.04052534405135094,0.04287318654789456,200
distance_median,0.9,rmse,0.10079730270385703,0.09815283556219949,0.10358893515191976,200
distance_median,0.8,mae,0.039003767257566116,0.03775924488315975,0.04029258971437873,200
distance_median,0.8,rmse,0.09570599387642478,0.09277121196028167,0.09869064283172292,200
distance_median,0.7,mae,0.03672213980556699,0.03564578952208405,0.03803010833700439,200
distance_median,0.7,rmse,0.09168053529217948,0.08864389690552787,0.09507719466540872,200
distance_median,0.5,mae,0.033275564397229056,0.031897904086503316,0.03472486245800315,200
distance_median,0.5,rmse,0.08644036595337408,0.08272148271322807,0.09081395253983506,200
distance_spread,,nAURC(MAE),1.0880994421714372,1.0777805045849966,1.0977530607593735,200
distance_spread,1.0,mae,0.04376565858326777,0.042636013729027485,0.044976876737505826,200
distance_spread,1.0,rmse,0.10466437672205937,0.10216739374572405,0.10750846141453733,200
distance_spread,0.95,mae,0.04434990356540507,0.04325690696697299,0.045619330701037006,200
distance_spread,0.95,rmse,0.10565955202993373,0.1030607530254418,0.10861411544725987,200
distance_spread,0.9,mae,0.045218355025523405,0.044143932395470174,0.046545459551207854,200
distance_spread,0.9,rmse,0.10718425102832589,0.10442857827124212,0.11031792381022801,200
distance_spread,0.8,mae,0.04667082690266515,0.0453967023379797,0.048007494634702046,200
distance_spread,0.8,rmse,0.10965266359239224,0.10658585747425782,0.11285869565234787,200
distance_spread,0.7,mae,0.048459294724225506,0.047133560039192286,0.049913700451058245,200
distance_spread,0.7,rmse,0.11271469489604362,0.10946784036872474,0.11631173716600315,200
distance_spread,0.5,mae,0.05160406686632832,0.05003522245010267,0.05342109269612193,200
distance_spread,0.5,rmse,0.11796770610716123,0.11437784435051924,0.12175152886662849,200
distance_norm,,nAURC(MAE),0.8726112814232742,0.8599572574500585,0.8834779397460238,200
distance_norm,1.0,mae,0.04376565858326776,0.04263601372902748,0.04497687673750583,200
distance_norm,1.0,rmse,0.10466437672205937,0.10216739374572405,0.10750846141453733,200
distance_norm,0.95,mae,0.04164385727901812,0.04028810075497987,0.042790419565051876,200
distance_norm,0.95,rmse,0.10044749741516118,0.09763407291316982,0.10338689391699443,200
distance_norm,0.9,mae,0.039657226658548095,0.03843261773304813,0.04084235780117015,200
distance_norm,0.9,rmse,0.09701473278582298,0.09417538380611973,0.09984952536205507,200
distance_norm,0.8,mae,0.037693135290923316,0.03646782338262044,0.0388018420567286,200
distance_norm,0.8,rmse,0.09383465724427163,0.09089302861625331,0.0968489179175664,200
distance_norm,0.7,mae,0.038238362535445096,0.03680403243568023,0.03952520835007964,200
distance_norm,0.7,rmse,0.09465800034699179,0.09118924377724605,0.09775833763769358,200
distance_norm,0.5,mae,0.03432887032633678,0.03303178784317897,0.03573878062279813,200
distance_norm,0.5,rmse,0.0870440452673729,0.08371615425639303,0.09045566871501388,200
