group,n_states,span_days,bursts_6h,bursts_12h,bursts_24h,bursts_48h,bursts_72h
1253,38,3.1666666666666665,4,1,1,1,1
513,36,3.0,3,2,1,1,1
220,27,1.9166666666666667,3,1,1,1,1
1254,24,3.0,4,4,1,1,1
1468,23,1.75,2,2,1,1,1
1460,22,1.125,1,1,1,1,1
1370,22,2.0,3,2,1,1,1
1641,21,1.25,2,1,1,1,1
366,20,2.4166666666666665,3,2,1,1,1
414,20,1.4166666666666667,2,2,1,1,1
480,19,1.0833333333333333,1,1,1,1,1
430,18,1.4583333333333333,2,2,1,1,1
437,17,0.6666666666666666,1,1,1,1,1
478,16,0.625,1,1,1,1,1
1422,15,0.9583333333333334,2,1,1,1,1
559,15,1.0416666666666667,2,1,1,1,1
507,15,0.5833333333333334,1,1,1,1,1
1467,14,3.0,3,2,2,1,1
284,14,2.0833333333333335,3,3,1,1,1
883,14,0.5416666666666666,1,1,1,1,1
1288,13,0.5,1,1,1,1,1
321,13,0.5,1,1,1,1,1
176,13,0.5416666666666666,1,1,1,1,1
90,13,1.25,2,2,1,1,1
389,13,0.5,1,1,1,1,1
249,13,0.5,1,1,1,1,1
339,12,0.9583333333333334,2,1,1,1,1
83,12,0.5,1,1,1,1,1
315,12,0.5,1,1,1,1,1
1431,12,0.4583333333333333,1,1,1,1,1
1349,12,1.25,2,2,1,1,1
1646,11,0.5,1,1,1,1,1
1224,11,1.1666666666666667,2,2,1,1,1
1305,11,0.8333333333333334,2,1,1,1,1
1594,11,0.7916666666666666,2,1,1,1,1
1554,11,0.4166666666666667,1,1,1,1,1
1472,11,0.5,1,1,1,1,1
185,11,0.4166666666666667,1,1,1,1,1
0,11,15.166666666666666,3,3,2,2,2
440,11,0.4583333333333333,1,1,1,1,1
433,11,0.4166666666666667,1,1,1,1,1
728,11,0.4583333333333333,1,1,1,1,1
572,11,0.5833333333333334,1,1,1,1,1
803,11,0.5,1,1,1,1,1
1425,10,0.375,1,1,1,1,1
835,10,0.375,1,1,1,1,1
892,10,0.375,1,1,1,1,1
708,10,0.375,1,1,1,1,1
521,10,0.375,1,1,1,1,1
481,10,0.5416666666666666,1,1,1,1,1
238,10,0.4583333333333333,1,1,1,1,1
224,10,0.4166666666666667,1,1,1,1,1
152,10,0.6666666666666666,2,1,1,1,1
1776,9,0.3333333333333333,1,1,1,1,1
12,9,0.3333333333333333,1,1,1,1,1
1509,9,0.3333333333333333,1,1,1,1,1
1642,9,0.3333333333333333,1,1,1,1,1
1592,9,0.3333333333333333,1,1,1,1,1
87,9,1.9583333333333333,4,3,1,1,1
522,9,0.5,1,1,1,1,1
89,9,2.2916666666666665,2,2,2,1,1
1045,9,0.375,1,1,1,1,1
491,9,0.5,1,1,1,1,1
72,9,0.3333333333333333,1,1,1,1,1
1312,9,0.3333333333333333,1,1,1,1,1
1374,9,0.375,1,1,1,1,1
1371,9,0.3333333333333333,1,1,1,1,1
1299,9,0.3333333333333333,1,1,1,1,1
1280,9,0.3333333333333333,1,1,1,1,1
1718,9,0.3333333333333333,1,1,1,1,1
1197,9,1.2083333333333333,2,2,1,1,1
501,9,0.3333333333333333,1,1,1,1,1
1670,9,1.1666666666666667,2,2,1,1,1
1534,8,1.0416666666666667,2,2,1,1,1
62,8,0.2916666666666667,1,1,1,1,1
811,8,0.3333333333333333,1,1,1,1,1
435,8,0.2916666666666667,1,1,1,1,1
1170,8,0.2916666666666667,1,1,1,1,1
1198,8,0.2916666666666667,1,1,1,1,1
285,8,0.3333333333333333,1,1,1,1,1
467,8,0.2916666666666667,1,1,1,1,1
1688,8,0.2916666666666667,1,1,1,1,1
1660,8,0.875,2,2,1,1,1
459,8,0.2916666666666667,1,1,1,1,1
166,8,0.375,1,1,1,1,1
1350,8,1.3333333333333333,2,2,2,1,1
1440,8,0.2916666666666667,1,1,1,1,1
1396,8,0.2916666666666667,1,1,1,1,1
1351,8,0.2916666666666667,1,1,1,1,1
303,8,0.2916666666666667,1,1,1,1,1
1363,8,0.2916666666666667,1,1,1,1,1
1217,8,0.5416666666666666,2,1,1,1,1
274,8,0.3333333333333333,1,1,1,1,1
1611,8,0.2916666666666667,1,1,1,1,1
530,8,0.2916666666666667,1,1,1,1,1
1694,8,0.2916666666666667,1,1,1,1,1
1654,8,0.2916666666666667,1,1,1,1,1
1522,8,0.2916666666666667,1,1,1,1,1
748,8,0.2916666666666667,1,1,1,1,1
625,8,0.2916666666666667,1,1,1,1,1
1127,8,0.2916666666666667,1,1,1,1,1
972,7,0.2916666666666667,1,1,1,1,1
340,7,0.4166666666666667,1,1,1,1,1
396,7,1.2083333333333333,2,2,1,1,1
764,7,0.25,1,1,1,1,1
1613,7,0.25,1,1,1,1,1
1632,7,0.75,2,2,1,1,1
130,7,0.25,1,1,1,1,1
694,7,0.3333333333333333,1,1,1,1,1
442,7,0.9583333333333334,2,2,1,1,1
1747,7,0.25,1,1,1,1,1
88,7,0.5833333333333334,2,1,1,1,1
732,7,0.25,1,1,1,1,1
163,7,1.0833333333333333,2,2,1,1,1
1298,7,0.25,1,1,1,1,1
900,7,0.25,1,1,1,1,1
775,7,0.25,1,1,1,1,1
39,7,0.25,1,1,1,1,1
1267,7,0.25,1,1,1,1,1
1385,7,0.25,1,1,1,1,1
221,7,0.25,1,1,1,1,1
1245,7,0.375,1,1,1,1,1
33,7,0.25,1,1,1,1,1
1116,7,0.2916666666666667,1,1,1,1,1
294,7,0.25,1,1,1,1,1
1180,7,0.25,1,1,1,1,1
1235,7,0.25,1,1,1,1,1
1007,7,0.25,1,1,1,1,1
1362,7,0.25,1,1,1,1,1
1369,7,0.25,1,1,1,1,1
1484,7,0.25,1,1,1,1,1
1397,7,0.2916666666666667,1,1,1,1,1
1415,7,0.25,1,1,1,1,1
1685,6,0.875,2,2,1,1,1
1039,6,0.20833333333333334,1,1,1,1,1
1713,6,0.20833333333333334,1,1,1,1,1
1158,6,0.20833333333333334,1,1,1,1,1
1260,6,1.0833333333333333,2,2,1,1,1
466,6,0.20833333333333334,1,1,1,1,1
261,6,0.25,1,1,1,1,1
1427,6,0.20833333333333334,1,1,1,1,1
1463,6,0.5,2,1,1,1,1
196,6,0.25,1,1,1,1,1
1337,6,0.20833333333333334,1,1,1,1,1
1325,6,0.20833333333333334,1,1,1,1,1
273,6,0.20833333333333334,1,1,1,1,1
1189,6,0.20833333333333334,1,1,1,1,1
1160,6,0.25,1,1,1,1,1
936,6,0.20833333333333334,1,1,1,1,1
977,6,0.20833333333333334,1,1,1,1,1
1665,6,0.20833333333333334,1,1,1,1,1
916,6,0.25,1,1,1,1,1
989,6,0.25,1,1,1,1,1
1315,6,0.20833333333333334,1,1,1,1,1
1353,6,0.20833333333333334,1,1,1,1,1
1386,6,0.20833333333333334,1,1,1,1,1
1423,6,0.3333333333333333,1,1,1,1,1
169,6,0.20833333333333334,1,1,1,1,1
1452,6,0.20833333333333334,1,1,1,1,1
1527,6,0.20833333333333334,1,1,1,1,1
1538,6,0.20833333333333334,1,1,1,1,1
762,6,0.20833333333333334,1,1,1,1,1
1533,6,0.20833333333333334,1,1,1,1,1
1510,6,0.20833333333333334,1,1,1,1,1
1653,6,0.5833333333333334,2,1,1,1,1
1585,6,0.20833333333333334,1,1,1,1,1
1634,6,0.20833333333333334,1,1,1,1,1
438,6,0.20833333333333334,1,1,1,1,1
1645,6,0.25,1,1,1,1,1
1587,6,0.20833333333333334,1,1,1,1,1
1563,6,0.20833333333333334,1,1,1,1,1
1560,6,0.20833333333333334,1,1,1,1,1
721,6,0.20833333333333334,1,1,1,1,1
1754,6,0.4166666666666667,1,1,1,1,1
471,6,0.4166666666666667,1,1,1,1,1
733,6,0.2916666666666667,1,1,1,1,1
1601,6,0.20833333333333334,1,1,1,1,1
794,6,0.20833333333333334,1,1,1,1,1
153,6,0.20833333333333334,1,1,1,1,1
807,6,0.20833333333333334,1,1,1,1,1
563,6,0.20833333333333334,1,1,1,1,1
1,6,0.20833333333333334,1,1,1,1,1
347,6,0.20833333333333334,1,1,1,1,1
1029,6,0.20833333333333334,1,1,1,1,1
1405,6,0.25,1,1,1,1,1
333,6,0.20833333333333334,1,1,1,1,1
1453,6,0.20833333333333334,1,1,1,1,1
1441,6,0.20833333333333334,1,1,1,1,1
782,6,0.20833333333333334,1,1,1,1,1
871,6,0.20833333333333334,1,1,1,1,1
397,6,0.25,1,1,1,1,1
1702,5,0.20833333333333334,1,1,1,1,1
1678,5,0.16666666666666666,1,1,1,1,1
1673,5,0.16666666666666666,1,1,1,1,1
443,5,0.16666666666666666,1,1,1,1,1
612,5,0.20833333333333334,1,1,1,1,1
1481,5,0.20833333333333334,1,1,1,1,1
1596,5,0.16666666666666666,1,1,1,1,1
752,5,0.16666666666666666,1,1,1,1,1
729,5,0.25,1,1,1,1,1
747,5,0.16666666666666666,1,1,1,1,1
50,5,0.20833333333333334,1,1,1,1,1
1543,5,0.4583333333333333,2,1,1,1,1
1531,5,0.16666666666666666,1,1,1,1,1
1541,5,0.16666666666666666,1,1,1,1,1
17,5,0.16666666666666666,1,1,1,1,1
634,5,0.16666666666666666,1,1,1,1,1
1650,5,0.16666666666666666,1,1,1,1,1
529,5,0.16666666666666666,1,1,1,1,1
545,5,0.16666666666666666,1,1,1,1,1
1570,5,0.16666666666666666,1,1,1,1,1
1571,5,0.16666666666666666,1,1,1,1,1
1615,5,0.16666666666666666,1,1,1,1,1
19,5,0.16666666666666666,1,1,1,1,1
1608,5,0.16666666666666666,1,1,1,1,1
117,5,0.16666666666666666,1,1,1,1,1
108,5,0.16666666666666666,1,1,1,1,1
31,5,0.16666666666666666,1,1,1,1,1
843,5,0.16666666666666666,1,1,1,1,1
950,5,0.16666666666666666,1,1,1,1,1
926,5,0.16666666666666666,1,1,1,1,1
967,5,0.16666666666666666,1,1,1,1,1
1518,5,0.16666666666666666,1,1,1,1,1
930,5,0.16666666666666666,1,1,1,1,1
970,5,0.16666666666666666,1,1,1,1,1
322,5,0.2916666666666667,1,1,1,1,1
957,5,0.16666666666666666,1,1,1,1,1
1019,5,0.16666666666666666,1,1,1,1,1
226,5,0.16666666666666666,1,1,1,1,1
1062,5,0.16666666666666666,1,1,1,1,1
1059,5,0.5,2,1,1,1,1
210,5,0.16666666666666666,1,1,1,1,1
208,5,0.16666666666666666,1,1,1,1,1
195,5,0.16666666666666666,1,1,1,1,1
1470,5,0.16666666666666666,1,1,1,1,1
823,5,0.16666666666666666,1,1,1,1,1
316,5,0.2916666666666667,1,1,1,1,1
1037,5,0.16666666666666666,1,1,1,1,1
1279,5,0.16666666666666666,1,1,1,1,1
1382,5,0.16666666666666666,1,1,1,1,1
1270,5,0.16666666666666666,1,1,1,1,1
1137,5,0.16666666666666666,1,1,1,1,1
1134,5,0.16666666666666666,1,1,1,1,1
1244,5,0.16666666666666666,1,1,1,1,1
1192,5,0.16666666666666666,1,1,1,1,1
1222,5,0.16666666666666666,1,1,1,1,1
1218,5,0.16666666666666666,1,1,1,1,1
1085,5,0.20833333333333334,1,1,1,1,1
1126,5,0.16666666666666666,1,1,1,1,1
1338,5,0.16666666666666666,1,1,1,1,1
1103,5,0.2916666666666667,1,1,1,1,1
263,5,0.16666666666666666,1,1,1,1,1
1209,5,0.16666666666666666,1,1,1,1,1
1153,5,0.16666666666666666,1,1,1,1,1
1178,5,0.16666666666666666,1,1,1,1,1
1169,5,0.16666666666666666,1,1,1,1,1
1767,5,0.16666666666666666,1,1,1,1,1
92,5,0.20833333333333334,1,1,1,1,1
455,5,1.1666666666666667,2,2,1,1,1
446,5,0.16666666666666666,1,1,1,1,1
460,4,0.125,1,1,1,1,1
450,4,0.125,1,1,1,1,1
487,4,0.16666666666666666,1,1,1,1,1
468,4,0.16666666666666666,1,1,1,1,1
1258,4,0.125,1,1,1,1,1
1193,4,0.125,1,1,1,1,1
1131,4,0.125,1,1,1,1,1
1679,4,0.125,1,1,1,1,1
1231,4,0.125,1,1,1,1,1
1668,4,1.0,2,2,1,1,1
1671,4,0.125,1,1,1,1,1
1057,4,0.20833333333333334,1,1,1,1,1
1008,4,0.16666666666666666,1,1,1,1,1
329,4,0.20833333333333334,1,1,1,1,1
304,4,0.125,1,1,1,1,1
1379,4,0.125,1,1,1,1,1
225,4,0.125,1,1,1,1,1
1016,4,0.16666666666666666,1,1,1,1,1
286,4,0.125,1,1,1,1,1
1204,4,0.16666666666666666,1,1,1,1,1
295,4,0.125,1,1,1,1,1
34,4,0.125,1,1,1,1,1
36,4,0.125,1,1,1,1,1
1324,4,0.125,1,1,1,1,1
1088,4,0.125,1,1,1,1,1
1073,4,0.20833333333333334,1,1,1,1,1
1038,4,0.375,2,1,1,1,1
1462,4,0.125,1,1,1,1,1
1582,4,0.125,1,1,1,1,1
1565,4,0.125,1,1,1,1,1
1631,4,0.125,1,1,1,1,1
1748,4,0.125,1,1,1,1,1
1709,4,0.20833333333333334,1,1,1,1,1
1764,4,0.125,1,1,1,1,1
519,4,0.16666666666666666,1,1,1,1,1
1593,4,0.875,2,2,1,1,1
1591,4,0.125,1,1,1,1,1
516,4,0.125,1,1,1,1,1
553,4,0.5,2,1,1,1,1
573,4,0.125,1,1,1,1,1
539,4,0.20833333333333334,1,1,1,1,1
677,4,0.125,1,1,1,1,1
679,4,0.20833333333333334,1,1,1,1,1
1743,4,0.125,1,1,1,1,1
1692,4,0.16666666666666666,1,1,1,1,1
1626,4,0.125,1,1,1,1,1
115,4,0.125,1,1,1,1,1
600,4,0.25,1,1,1,1,1
411,4,0.125,1,1,1,1,1
754,4,0.125,1,1,1,1,1
106,4,0.125,1,1,1,1,1
1556,4,0.125,1,1,1,1,1
158,4,0.125,1,1,1,1,1
1493,4,0.125,1,1,1,1,1
172,4,0.16666666666666666,1,1,1,1,1
371,4,0.25,1,1,1,1,1
885,4,0.125,1,1,1,1,1
1553,4,0.125,1,1,1,1,1
796,4,0.125,1,1,1,1,1
868,4,0.125,1,1,1,1,1
844,4,0.125,1,1,1,1,1
854,4,0.2916666666666667,1,1,1,1,1
855,4,0.125,1,1,1,1,1
1475,4,0.125,1,1,1,1,1
1471,4,0.125,1,1,1,1,1
164,4,0.125,1,1,1,1,1
947,4,0.125,1,1,1,1,1
912,4,0.125,1,1,1,1,1
367,4,0.125,1,1,1,1,1
1465,4,0.125,1,1,1,1,1
975,4,0.25,1,1,1,1,1
980,4,0.125,1,1,1,1,1
961,4,0.125,1,1,1,1,1
343,4,0.125,1,1,1,1,1
1403,4,0.16666666666666666,1,1,1,1,1
632,4,0.16666666666666666,1,1,1,1,1
654,4,0.16666666666666666,1,1,1,1,1
405,4,0.5,2,1,1,1,1
52,4,0.125,1,1,1,1,1
672,4,0.125,1,1,1,1,1
1537,4,0.125,1,1,1,1,1
812,4,0.125,1,1,1,1,1
1521,4,0.125,1,1,1,1,1
720,4,0.125,1,1,1,1,1
832,4,0.125,1,1,1,1,1
418,4,0.125,1,1,1,1,1
1559,4,0.125,1,1,1,1,1
1307,3,0.08333333333333333,1,1,1,1,1
1303,3,0.08333333333333333,1,1,1,1,1
1301,3,0.08333333333333333,1,1,1,1,1
1031,3,0.08333333333333333,1,1,1,1,1
1464,3,0.08333333333333333,1,1,1,1,1
1357,3,0.08333333333333333,1,1,1,1,1
214,3,0.08333333333333333,1,1,1,1,1
1430,3,0.08333333333333333,1,1,1,1,1
1438,3,0.125,1,1,1,1,1
1432,3,0.20833333333333334,1,1,1,1,1
1027,3,0.125,1,1,1,1,1
1001,3,0.16666666666666666,1,1,1,1,1
1055,3,0.08333333333333333,1,1,1,1,1
332,3,0.125,1,1,1,1,1
988,3,0.08333333333333333,1,1,1,1,1
37,3,0.08333333333333333,1,1,1,1,1
218,3,0.08333333333333333,1,1,1,1,1
1255,3,0.08333333333333333,1,1,1,1,1
1251,3,0.08333333333333333,1,1,1,1,1
42,3,0.08333333333333333,1,1,1,1,1
1148,3,0.125,1,1,1,1,1
1166,3,0.08333333333333333,1,1,1,1,1
1663,3,0.08333333333333333,1,1,1,1,1
91,3,0.08333333333333333,1,1,1,1,1
1172,3,0.20833333333333334,1,1,1,1,1
283,3,0.08333333333333333,1,1,1,1,1
1283,3,0.08333333333333333,1,1,1,1,1
1210,3,0.08333333333333333,1,1,1,1,1
476,3,0.08333333333333333,1,1,1,1,1
1712,3,0.08333333333333333,1,1,1,1,1
1715,3,0.08333333333333333,1,1,1,1,1
57,3,0.08333333333333333,1,1,1,1,1
499,3,0.08333333333333333,1,1,1,1,1
504,3,0.08333333333333333,1,1,1,1,1
461,3,0.20833333333333334,1,1,1,1,1
1318,3,0.08333333333333333,1,1,1,1,1
288,3,0.08333333333333333,1,1,1,1,1
1115,3,0.08333333333333333,1,1,1,1,1
317,3,0.08333333333333333,1,1,1,1,1
309,3,0.125,1,1,1,1,1
1015,3,0.08333333333333333,1,1,1,1,1
1375,3,0.08333333333333333,1,1,1,1,1
1040,3,0.16666666666666666,1,1,1,1,1
1075,3,0.08333333333333333,1,1,1,1,1
1104,3,0.08333333333333333,1,1,1,1,1
299,3,0.08333333333333333,1,1,1,1,1
1086,3,0.08333333333333333,1,1,1,1,1
991,3,0.08333333333333333,1,1,1,1,1
913,3,0.08333333333333333,1,1,1,1,1
914,3,0.08333333333333333,1,1,1,1,1
976,3,0.08333333333333333,1,1,1,1,1
953,3,0.08333333333333333,1,1,1,1,1
1495,3,0.08333333333333333,1,1,1,1,1
66,3,0.08333333333333333,1,1,1,1,1
1500,3,0.08333333333333333,1,1,1,1,1
71,3,0.08333333333333333,1,1,1,1,1
1504,3,0.08333333333333333,1,1,1,1,1
1477,3,0.08333333333333333,1,1,1,1,1
1547,3,0.08333333333333333,1,1,1,1,1
1544,3,0.25,1,1,1,1,1
771,3,0.125,1,1,1,1,1
789,3,0.08333333333333333,1,1,1,1,1
1550,3,0.125,1,1,1,1,1
818,3,0.08333333333333333,1,1,1,1,1
856,3,0.08333333333333333,1,1,1,1,1
901,3,0.08333333333333333,1,1,1,1,1
776,3,0.08333333333333333,1,1,1,1,1
399,3,0.4583333333333333,2,1,1,1,1
829,3,0.08333333333333333,1,1,1,1,1
942,3,0.08333333333333333,1,1,1,1,1
845,3,0.08333333333333333,1,1,1,1,1
837,3,0.08333333333333333,1,1,1,1,1
850,3,0.08333333333333333,1,1,1,1,1
821,3,0.125,1,1,1,1,1
289,3,0.08333333333333333,1,1,1,1,1
341,3,0.125,1,1,1,1,1
1515,3,0.08333333333333333,1,1,1,1,1
929,3,0.08333333333333333,1,1,1,1,1
903,3,0.08333333333333333,1,1,1,1,1
365,3,0.08333333333333333,1,1,1,1,1
368,3,0.08333333333333333,1,1,1,1,1
179,3,0.08333333333333333,1,1,1,1,1
1456,3,0.125,1,1,1,1,1
1451,3,0.08333333333333333,1,1,1,1,1
1400,3,0.08333333333333333,1,1,1,1,1
1021,3,0.08333333333333333,1,1,1,1,1
1413,3,0.08333333333333333,1,1,1,1,1
290,3,0.08333333333333333,1,1,1,1,1
995,3,0.08333333333333333,1,1,1,1,1
1588,3,0.08333333333333333,1,1,1,1,1
659,3,0.08333333333333333,1,1,1,1,1
1629,3,0.08333333333333333,1,1,1,1,1
1540,3,0.08333333333333333,1,1,1,1,1
1604,3,0.08333333333333333,1,1,1,1,1
741,3,0.08333333333333333,1,1,1,1,1
413,3,0.125,1,1,1,1,1
642,3,0.25,1,1,1,1,1
631,3,0.08333333333333333,1,1,1,1,1
641,3,0.08333333333333333,1,1,1,1,1
784,3,0.08333333333333333,1,1,1,1,1
687,3,0.08333333333333333,1,1,1,1,1
514,3,0.08333333333333333,1,1,1,1,1
129,3,0.08333333333333333,1,1,1,1,1
1620,3,0.08333333333333333,1,1,1,1,1
61,3,0.08333333333333333,1,1,1,1,1
538,3,1.0416666666666667,2,2,1,1,1
432,3,0.08333333333333333,1,1,1,1,1
1622,3,0.125,1,1,1,1,1
561,3,0.08333333333333333,1,1,1,1,1
29,3,1.125,2,2,2,1,1
1624,3,0.08333333333333333,1,1,1,1,1
1755,3,0.08333333333333333,1,1,1,1,1
11,3,0.4583333333333333,2,1,1,1,1
1726,3,0.08333333333333333,1,1,1,1,1
1770,3,0.08333333333333333,1,1,1,1,1
1777,3,0.08333333333333333,1,1,1,1,1
1506,2,0.041666666666666664,1,1,1,1,1
804,2,0.041666666666666664,1,1,1,1,1
1480,2,0.041666666666666664,1,1,1,1,1
799,2,0.041666666666666664,1,1,1,1,1
798,2,0.041666666666666664,1,1,1,1,1
174,2,0.041666666666666664,1,1,1,1,1
69,2,0.041666666666666664,1,1,1,1,1
819,2,0.041666666666666664,1,1,1,1,1
1497,2,0.041666666666666664,1,1,1,1,1
372,2,0.041666666666666664,1,1,1,1,1
1498,2,0.041666666666666664,1,1,1,1,1
656,2,0.08333333333333333,1,1,1,1,1
401,2,0.041666666666666664,1,1,1,1,1
162,2,0.041666666666666664,1,1,1,1,1
398,2,0.08333333333333333,1,1,1,1,1
395,2,0.041666666666666664,1,1,1,1,1
165,2,0.041666666666666664,1,1,1,1,1
392,2,0.041666666666666664,1,1,1,1,1
136,2,0.041666666666666664,1,1,1,1,1
766,2,0.041666666666666664,1,1,1,1,1
761,2,0.041666666666666664,1,1,1,1,1
760,2,0.041666666666666664,1,1,1,1,1
759,2,0.041666666666666664,1,1,1,1,1
161,2,0.041666666666666664,1,1,1,1,1
200,2,0.125,1,1,1,1,1
201,2,0.041666666666666664,1,1,1,1,1
918,2,0.041666666666666664,1,1,1,1,1
911,2,0.041666666666666664,1,1,1,1,1
1412,2,0.08333333333333333,1,1,1,1,1
1414,2,0.041666666666666664,1,1,1,1,1
1455,2,0.20833333333333334,1,1,1,1,1
354,2,0.041666666666666664,1,1,1,1,1
385,2,0.041666666666666664,1,1,1,1,1
383,2,0.041666666666666664,1,1,1,1,1
379,2,0.041666666666666664,1,1,1,1,1
841,2,0.08333333333333333,1,1,1,1,1
853,2,0.041666666666666664,1,1,1,1,1
77,2,0.041666666666666664,1,1,1,1,1
180,2,0.041666666666666664,1,1,1,1,1
181,2,0.041666666666666664,1,1,1,1,1
168,2,0.08333333333333333,1,1,1,1,1
357,2,0.08333333333333333,1,1,1,1,1
356,2,0.041666666666666664,1,1,1,1,1
1488,2,0.041666666666666664,1,1,1,1,1
851,2,0.041666666666666664,1,1,1,1,1
1461,2,0.041666666666666664,1,1,1,1,1
1473,2,0.041666666666666664,1,1,1,1,1
1474,2,0.041666666666666664,1,1,1,1,1
1437,2,0.041666666666666664,1,1,1,1,1
692,2,0.041666666666666664,1,1,1,1,1
719,2,0.041666666666666664,1,1,1,1,1
149,2,0.041666666666666664,1,1,1,1,1
714,2,0.041666666666666664,1,1,1,1,1
680,2,0.041666666666666664,1,1,1,1,1
1577,2,0.041666666666666664,1,1,1,1,1
1578,2,0.041666666666666664,1,1,1,1,1
1583,2,0.041666666666666664,1,1,1,1,1
1589,2,0.041666666666666664,1,1,1,1,1
1558,2,0.041666666666666664,1,1,1,1,1
666,2,0.041666666666666664,1,1,1,1,1
781,2,0.041666666666666664,1,1,1,1,1
104,2,0.041666666666666664,1,1,1,1,1
406,2,0.25,1,1,1,1,1
1603,2,0.041666666666666664,1,1,1,1,1
431,2,0.041666666666666664,1,1,1,1,1
22,2,0.041666666666666664,1,1,1,1,1
426,2,0.041666666666666664,1,1,1,1,1
1614,2,0.25,1,1,1,1,1
633,2,0.041666666666666664,1,1,1,1,1
1617,2,0.041666666666666664,1,1,1,1,1
627,2,0.041666666666666664,1,1,1,1,1
626,2,0.041666666666666664,1,1,1,1,1
663,2,0.041666666666666664,1,1,1,1,1
780,2,0.08333333333333333,1,1,1,1,1
723,2,0.041666666666666664,1,1,1,1,1
751,2,0.041666666666666664,1,1,1,1,1
1529,2,0.041666666666666664,1,1,1,1,1
744,2,0.041666666666666664,1,1,1,1,1
743,2,0.041666666666666664,1,1,1,1,1
740,2,0.041666666666666664,1,1,1,1,1
770,2,0.041666666666666664,1,1,1,1,1
1535,2,0.041666666666666664,1,1,1,1,1
726,2,0.041666666666666664,1,1,1,1,1
420,2,0.041666666666666664,1,1,1,1,1
143,2,0.041666666666666664,1,1,1,1,1
415,2,0.5,2,1,1,1,1
1567,2,0.041666666666666664,1,1,1,1,1
724,2,0.041666666666666664,1,1,1,1,1
1545,2,0.041666666666666664,1,1,1,1,1
1546,2,0.041666666666666664,1,1,1,1,1
737,2,0.041666666666666664,1,1,1,1,1
736,2,0.041666666666666664,1,1,1,1,1
1552,2,0.041666666666666664,1,1,1,1,1
730,2,0.041666666666666664,1,1,1,1,1
727,2,0.041666666666666664,1,1,1,1,1
139,2,0.041666666666666664,1,1,1,1,1
698,2,0.041666666666666664,1,1,1,1,1
416,2,0.2916666666666667,2,1,1,1,1
1230,2,0.20833333333333334,1,1,1,1,1
1142,2,0.041666666666666664,1,1,1,1,1
1141,2,0.041666666666666664,1,1,1,1,1
1140,2,0.041666666666666664,1,1,1,1,1
1234,2,0.041666666666666664,1,1,1,1,1
1110,2,0.041666666666666664,1,1,1,1,1
1102,2,0.041666666666666664,1,1,1,1,1
244,2,0.041666666666666664,1,1,1,1,1
302,2,0.041666666666666664,1,1,1,1,1
297,2,0.25,1,1,1,1,1
44,2,0.041666666666666664,1,1,1,1,1
190,2,0.041666666666666664,1,1,1,1,1
1082,2,0.041666666666666664,1,1,1,1,1
1070,2,0.041666666666666664,1,1,1,1,1
1068,2,0.041666666666666664,1,1,1,1,1
1067,2,0.041666666666666664,1,1,1,1,1
1249,2,0.041666666666666664,1,1,1,1,1
1252,2,0.6666666666666666,2,2,1,1,1
1257,2,0.041666666666666664,1,1,1,1,1
1259,2,0.041666666666666664,1,1,1,1,1
1056,2,0.041666666666666664,1,1,1,1,1
1263,2,0.041666666666666664,1,1,1,1,1
1051,2,0.041666666666666664,1,1,1,1,1
291,2,0.041666666666666664,1,1,1,1,1
1174,2,0.041666666666666664,1,1,1,1,1
1164,2,0.041666666666666664,1,1,1,1,1
1190,2,0.041666666666666664,1,1,1,1,1
1187,2,0.08333333333333333,1,1,1,1,1
267,2,0.125,1,1,1,1,1
1195,2,0.041666666666666664,1,1,1,1,1
1237,2,0.041666666666666664,1,1,1,1,1
277,2,0.041666666666666664,1,1,1,1,1
276,2,0.041666666666666664,1,1,1,1,1
1239,2,0.125,1,1,1,1,1
1146,2,0.08333333333333333,1,1,1,1,1
1229,2,0.041666666666666664,1,1,1,1,1
1212,2,0.041666666666666664,1,1,1,1,1
1214,2,0.041666666666666664,1,1,1,1,1
1156,2,0.041666666666666664,1,1,1,1,1
1191,2,0.041666666666666664,1,1,1,1,1
1246,2,0.041666666666666664,1,1,1,1,1
1150,2,0.08333333333333333,1,1,1,1,1
1149,2,0.041666666666666664,1,1,1,1,1
1122,2,0.041666666666666664,1,1,1,1,1
38,2,0.041666666666666664,1,1,1,1,1
1226,2,0.041666666666666664,1,1,1,1,1
1227,2,0.041666666666666664,1,1,1,1,1
1228,2,0.041666666666666664,1,1,1,1,1
1211,2,0.041666666666666664,1,1,1,1,1
998,2,0.041666666666666664,1,1,1,1,1
1335,2,0.041666666666666664,1,1,1,1,1
323,2,0.041666666666666664,1,1,1,1,1
215,2,0.041666666666666664,1,1,1,1,1
345,2,0.041666666666666664,1,1,1,1,1
344,2,0.041666666666666664,1,1,1,1,1
1345,2,0.041666666666666664,1,1,1,1,1
1359,2,0.041666666666666664,1,1,1,1,1
1365,2,0.041666666666666664,1,1,1,1,1
965,2,0.041666666666666664,1,1,1,1,1
1372,2,0.9583333333333334,2,2,1,1,1
1264,2,0.041666666666666664,1,1,1,1,1
933,2,0.041666666666666664,1,1,1,1,1
1395,2,1.0,2,2,1,1,1
1398,2,0.20833333333333334,1,1,1,1,1
923,2,0.041666666666666664,1,1,1,1,1
922,2,0.041666666666666664,1,1,1,1,1
1404,2,0.041666666666666664,1,1,1,1,1
1376,2,0.5833333333333334,2,2,1,1,1
907,2,0.041666666666666664,1,1,1,1,1
338,2,0.041666666666666664,1,1,1,1,1
1383,2,0.041666666666666664,1,1,1,1,1
1391,2,0.041666666666666664,1,1,1,1,1
1373,2,0.041666666666666664,1,1,1,1,1
1265,2,0.041666666666666664,1,1,1,1,1
1268,2,0.041666666666666664,1,1,1,1,1
1074,2,0.041666666666666664,1,1,1,1,1
1018,2,0.25,1,1,1,1,1
1275,2,0.041666666666666664,1,1,1,1,1
1277,2,0.041666666666666664,1,1,1,1,1
227,2,0.041666666666666664,1,1,1,1,1
1020,2,0.041666666666666664,1,1,1,1,1
287,2,0.041666666666666664,1,1,1,1,1
1003,2,0.041666666666666664,1,1,1,1,1
1308,2,0.041666666666666664,1,1,1,1,1
969,2,0.25,1,1,1,1,1
334,2,0.041666666666666664,1,1,1,1,1
1309,2,0.041666666666666664,1,1,1,1,1
330,2,0.041666666666666664,1,1,1,1,1
327,2,0.041666666666666664,1,1,1,1,1
1002,2,0.041666666666666664,1,1,1,1,1
993,2,0.041666666666666664,1,1,1,1,1
1320,2,0.041666666666666664,1,1,1,1,1
986,2,0.041666666666666664,1,1,1,1,1
1012,2,0.041666666666666664,1,1,1,1,1
954,2,0.041666666666666664,1,1,1,1,1
981,2,0.041666666666666664,1,1,1,1,1
1331,2,0.041666666666666664,1,1,1,1,1
335,2,0.041666666666666664,1,1,1,1,1
608,2,0.041666666666666664,1,1,1,1,1
1706,2,0.16666666666666666,1,1,1,1,1
638,2,0.125,1,1,1,1,1
1717,2,0.041666666666666664,1,1,1,1,1
1637,2,0.041666666666666664,1,1,1,1,1
1766,2,0.041666666666666664,1,1,1,1,1
1759,2,0.041666666666666664,1,1,1,1,1
473,2,0.041666666666666664,1,1,1,1,1
593,2,0.041666666666666664,1,1,1,1,1
568,2,0.041666666666666664,1,1,1,1,1
1661,2,0.041666666666666664,1,1,1,1,1
477,2,0.7083333333333334,2,2,1,1,1
1667,2,0.041666666666666664,1,1,1,1,1
1669,2,0.041666666666666664,1,1,1,1,1
557,2,0.041666666666666664,1,1,1,1,1
8,2,0.041666666666666664,1,1,1,1,1
1734,2,0.08333333333333333,1,1,1,1,1
116,2,0.041666666666666664,1,1,1,1,1
470,2,0.041666666666666664,1,1,1,1,1
1716,2,0.041666666666666664,1,1,1,1,1
1720,2,0.08333333333333333,1,1,1,1,1
10,2,0.041666666666666664,1,1,1,1,1
13,2,0.041666666666666664,1,1,1,1,1
596,2,0.041666666666666664,1,1,1,1,1
1765,2,0.041666666666666664,1,1,1,1,1
484,2,0.16666666666666666,1,1,1,1,1
533,2,0.041666666666666664,1,1,1,1,1
474,2,0.041666666666666664,1,1,1,1,1
1623,2,0.4583333333333333,2,1,1,1,1
506,2,0.041666666666666664,1,1,1,1,1
20,2,0.041666666666666664,1,1,1,1,1
579,2,0.041666666666666664,1,1,1,1,1
602,2,0.041666666666666664,1,1,1,1,1
603,2,0.08333333333333333,1,1,1,1,1
1659,2,0.041666666666666664,1,1,1,1,1
16,2,0.041666666666666664,1,1,1,1,1
554,2,0.041666666666666664,1,1,1,1,1
1753,2,0.041666666666666664,1,1,1,1,1
465,2,0.625,2,2,1,1,1
1630,2,0.041666666666666664,1,1,1,1,1
1760,2,0.041666666666666664,1,1,1,1,1
562,2,0.041666666666666664,1,1,1,1,1
434,2,0.041666666666666664,1,1,1,1,1
1647,2,0.041666666666666664,1,1,1,1,1
1676,2,0.041666666666666664,1,1,1,1,1
454,2,0.041666666666666664,1,1,1,1,1
584,2,0.041666666666666664,1,1,1,1,1
646,2,0.041666666666666664,1,1,1,1,1
26,2,0.041666666666666664,1,1,1,1,1
1686,2,0.041666666666666664,1,1,1,1,1
58,2,0.041666666666666664,1,1,1,1,1
1744,2,0.041666666666666664,1,1,1,1,1
1677,2,0.041666666666666664,1,1,1,1,1
524,2,0.041666666666666664,1,1,1,1,1
621,2,0.041666666666666664,1,1,1,1,1
515,2,0.041666666666666664,1,1,1,1,1
517,2,0.041666666666666664,1,1,1,1,1
457,2,0.041666666666666664,1,1,1,1,1
653,2,0.041666666666666664,1,1,1,1,1
59,2,0.041666666666666664,1,1,1,1,1
1746,2,0.041666666666666664,1,1,1,1,1
614,2,0.041666666666666664,1,1,1,1,1
558,2,0.041666666666666664,1,1,1,1,1
1643,2,0.041666666666666664,1,1,1,1,1
565,2,0.041666666666666664,1,1,1,1,1
624,2,0.041666666666666664,1,1,1,1,1
56,2,0.041666666666666664,1,1,1,1,1
1733,2,0.08333333333333333,1,1,1,1,1
449,2,0.041666666666666664,1,1,1,1,1
1730,2,0.125,1,1,1,1,1
542,2,0.041666666666666664,1,1,1,1,1
623,2,0.041666666666666664,1,1,1,1,1
500,2,0.041666666666666664,1,1,1,1,1
569,2,0.041666666666666664,1,1,1,1,1
1738,2,0.041666666666666664,1,1,1,1,1
1644,2,0.3333333333333333,2,1,1,1,1
617,2,0.041666666666666664,1,1,1,1,1
1697,1,0.0,1,1,1,1,1
1695,1,0.0,1,1,1,1,1
1698,1,0.0,1,1,1,1,1
1339,1,0.0,1,1,1,1,1
1740,1,0.0,1,1,1,1,1
204,1,0.0,1,1,1,1,1
1699,1,0.0,1,1,1,1,1
1336,1,0.0,1,1,1,1,1
1274,1,0.0,1,1,1,1,1
1276,1,0.0,1,1,1,1,1
1727,1,0.0,1,1,1,1,1
1278,1,0.0,1,1,1,1,1
1281,1,0.0,1,1,1,1,1
1282,1,0.0,1,1,1,1,1
1284,1,0.0,1,1,1,1,1
1292,1,0.0,1,1,1,1,1
1293,1,0.0,1,1,1,1,1
1294,1,0.0,1,1,1,1,1
1696,1,0.0,1,1,1,1,1
228,1,0.0,1,1,1,1,1
229,1,0.0,1,1,1,1,1
230,1,0.0,1,1,1,1,1
1725,1,0.0,1,1,1,1,1
231,1,0.0,1,1,1,1,1
232,1,0.0,1,1,1,1,1
233,1,0.0,1,1,1,1,1
234,1,0.0,1,1,1,1,1
235,1,0.0,1,1,1,1,1
202,1,0.0,1,1,1,1,1
203,1,0.0,1,1,1,1,1
223,1,0.0,1,1,1,1,1
207,1,0.0,1,1,1,1,1
209,1,0.0,1,1,1,1,1
211,1,0.0,1,1,1,1,1
212,1,0.0,1,1,1,1,1
213,1,0.0,1,1,1,1,1
1711,1,0.0,1,1,1,1,1
1710,1,0.0,1,1,1,1,1
216,1,0.0,1,1,1,1,1
217,1,0.0,1,1,1,1,1
186,1,0.0,1,1,1,1,1
187,1,0.0,1,1,1,1,1
188,1,0.0,1,1,1,1,1
189,1,0.0,1,1,1,1,1
1344,1,0.0,1,1,1,1,1
1728,1,0.0,1,1,1,1,1
1687,1,0.0,1,1,1,1,1
1346,1,0.0,1,1,1,1,1
1389,1,0.0,1,1,1,1,1
1358,1,0.0,1,1,1,1,1
1360,1,0.0,1,1,1,1,1
1361,1,0.0,1,1,1,1,1
1364,1,0.0,1,1,1,1,1
1684,1,0.0,1,1,1,1,1
1366,1,0.0,1,1,1,1,1
1367,1,0.0,1,1,1,1,1
1683,1,0.0,1,1,1,1,1
1368,1,0.0,1,1,1,1,1
1340,1,0.0,1,1,1,1,1
1341,1,0.0,1,1,1,1,1
1342,1,0.0,1,1,1,1,1
1657,1,0.0,1,1,1,1,1
1310,1,0.0,1,1,1,1,1
1693,1,0.0,1,1,1,1,1
1311,1,0.0,1,1,1,1,1
1313,1,0.0,1,1,1,1,1
1691,1,0.0,1,1,1,1,1
1314,1,0.0,1,1,1,1,1
1316,1,0.0,1,1,1,1,1
1690,1,0.0,1,1,1,1,1
1317,1,0.0,1,1,1,1,1
1319,1,0.0,1,1,1,1,1
1689,1,0.0,1,1,1,1,1
1321,1,0.0,1,1,1,1,1
1322,1,0.0,1,1,1,1,1
1323,1,0.0,1,1,1,1,1
1291,1,0.0,1,1,1,1,1
206,1,0.0,1,1,1,1,1
1348,1,0.0,1,1,1,1,1
1352,1,0.0,1,1,1,1,1
1354,1,0.0,1,1,1,1,1
1355,1,0.0,1,1,1,1,1
1356,1,0.0,1,1,1,1,1
1719,1,0.0,1,1,1,1,1
1326,1,0.0,1,1,1,1,1
1327,1,0.0,1,1,1,1,1
1328,1,0.0,1,1,1,1,1
1329,1,0.0,1,1,1,1,1
1330,1,0.0,1,1,1,1,1
1332,1,0.0,1,1,1,1,1
1333,1,0.0,1,1,1,1,1
1334,1,0.0,1,1,1,1,1
1714,1,0.0,1,1,1,1,1
1347,1,0.0,1,1,1,1,1
1775,1,0.0,1,1,1,1,1
1774,1,0.0,1,1,1,1,1
1773,1,0.0,1,1,1,1,1
1207,1,0.0,1,1,1,1,1
1208,1,0.0,1,1,1,1,1
1772,1,0.0,1,1,1,1,1
1771,1,0.0,1,1,1,1,1
1213,1,0.0,1,1,1,1,1
1215,1,0.0,1,1,1,1,1
1216,1,0.0,1,1,1,1,1
1219,1,0.0,1,1,1,1,1
1220,1,0.0,1,1,1,1,1
1221,1,0.0,1,1,1,1,1
1769,1,0.0,1,1,1,1,1
1262,1,0.0,1,1,1,1,1
1194,1,0.0,1,1,1,1,1
1247,1,0.0,1,1,1,1,1
472,1,0.0,1,1,1,1,1
1722,1,0.0,1,1,1,1,1
32,1,0.0,1,1,1,1,1
35,1,0.0,1,1,1,1,1
1741,1,0.0,1,1,1,1,1
1756,1,0.0,1,1,1,1,1
1223,1,0.0,1,1,1,1,1
1225,1,0.0,1,1,1,1,1
1763,1,0.0,1,1,1,1,1
1762,1,0.0,1,1,1,1,1
1761,1,0.0,1,1,1,1,1
1232,1,0.0,1,1,1,1,1
1724,1,0.0,1,1,1,1,1
1175,1,0.0,1,1,1,1,1
1176,1,0.0,1,1,1,1,1
1177,1,0.0,1,1,1,1,1
1179,1,0.0,1,1,1,1,1
1181,1,0.0,1,1,1,1,1
1182,1,0.0,1,1,1,1,1
1206,1,0.0,1,1,1,1,1
1183,1,0.0,1,1,1,1,1
1184,1,0.0,1,1,1,1,1
1185,1,0.0,1,1,1,1,1
258,1,0.0,1,1,1,1,1
259,1,0.0,1,1,1,1,1
1737,1,0.0,1,1,1,1,1
260,1,0.0,1,1,1,1,1
1238,1,0.0,1,1,1,1,1
264,1,0.0,1,1,1,1,1
265,1,0.0,1,1,1,1,1
85,1,0.0,1,1,1,1,1
266,1,0.0,1,1,1,1,1
84,1,0.0,1,1,1,1,1
82,1,0.0,1,1,1,1,1
268,1,0.0,1,1,1,1,1
269,1,0.0,1,1,1,1,1
236,1,0.0,1,1,1,1,1
237,1,0.0,1,1,1,1,1
239,1,0.0,1,1,1,1,1
240,1,0.0,1,1,1,1,1
81,1,0.0,1,1,1,1,1
1196,1,0.0,1,1,1,1,1
80,1,0.0,1,1,1,1,1
262,1,0.0,1,1,1,1,1
1705,1,0.0,1,1,1,1,1
1250,1,0.0,1,1,1,1,1
1256,1,0.0,1,1,1,1,1
1736,1,0.0,1,1,1,1,1
1240,1,0.0,1,1,1,1,1
1241,1,0.0,1,1,1,1,1
1285,1,0.0,1,1,1,1,1
1286,1,0.0,1,1,1,1,1
1287,1,0.0,1,1,1,1,1
1289,1,0.0,1,1,1,1,1
1290,1,0.0,1,1,1,1,1
1735,1,0.0,1,1,1,1,1
1261,1,0.0,1,1,1,1,1
1682,1,0.0,1,1,1,1,1
15,1,0.0,1,1,1,1,1
1731,1,0.0,1,1,1,1,1
1266,1,0.0,1,1,1,1,1
1269,1,0.0,1,1,1,1,1
1271,1,0.0,1,1,1,1,1
1272,1,0.0,1,1,1,1,1
205,1,0.0,1,1,1,1,1
1295,1,0.0,1,1,1,1,1
1296,1,0.0,1,1,1,1,1
1297,1,0.0,1,1,1,1,1
1729,1,0.0,1,1,1,1,1
1300,1,0.0,1,1,1,1,1
1302,1,0.0,1,1,1,1,1
1304,1,0.0,1,1,1,1,1
1306,1,0.0,1,1,1,1,1
1732,1,0.0,1,1,1,1,1
14,1,0.0,1,1,1,1,1
1233,1,0.0,1,1,1,1,1
1236,1,0.0,1,1,1,1,1
1242,1,0.0,1,1,1,1,1
1243,1,0.0,1,1,1,1,1
241,1,0.0,1,1,1,1,1
242,1,0.0,1,1,1,1,1
9,1,0.0,1,1,1,1,1
243,1,0.0,1,1,1,1,1
444,1,0.0,1,1,1,1,1
245,1,0.0,1,1,1,1,1
246,1,0.0,1,1,1,1,1
247,1,0.0,1,1,1,1,1
248,1,0.0,1,1,1,1,1
1248,1,0.0,1,1,1,1,1
251,1,0.0,1,1,1,1,1
252,1,0.0,1,1,1,1,1
253,1,0.0,1,1,1,1,1
219,1,0.0,1,1,1,1,1
222,1,0.0,1,1,1,1,1
441,1,0.0,1,1,1,1,1
1273,1,0.0,1,1,1,1,1
40,1,0.0,1,1,1,1,1
41,1,0.0,1,1,1,1,1
43,1,0.0,1,1,1,1,1
45,1,0.0,1,1,1,1,1
1708,1,0.0,1,1,1,1,1
1707,1,0.0,1,1,1,1,1
46,1,0.0,1,1,1,1,1
47,1,0.0,1,1,1,1,1
250,1,0.0,1,1,1,1,1
1530,1,0.0,1,1,1,1,1
28,1,0.0,1,1,1,1,1
1532,1,0.0,1,1,1,1,1
27,1,0.0,1,1,1,1,1
1536,1,0.0,1,1,1,1,1
1539,1,0.0,1,1,1,1,1
1511,1,0.0,1,1,1,1,1
1512,1,0.0,1,1,1,1,1
156,1,0.0,1,1,1,1,1
157,1,0.0,1,1,1,1,1
159,1,0.0,1,1,1,1,1
160,1,0.0,1,1,1,1,1
1562,1,0.0,1,1,1,1,1
1564,1,0.0,1,1,1,1,1
1392,1,0.0,1,1,1,1,1
25,1,0.0,1,1,1,1,1
24,1,0.0,1,1,1,1,1
1568,1,0.0,1,1,1,1,1
1569,1,0.0,1,1,1,1,1
1572,1,0.0,1,1,1,1,1
1573,1,0.0,1,1,1,1,1
1542,1,0.0,1,1,1,1,1
23,1,0.0,1,1,1,1,1
1548,1,0.0,1,1,1,1,1
1549,1,0.0,1,1,1,1,1
1656,1,0.0,1,1,1,1,1
21,1,0.0,1,1,1,1,1
1551,1,0.0,1,1,1,1,1
1555,1,0.0,1,1,1,1,1
1566,1,0.0,1,1,1,1,1
154,1,0.0,1,1,1,1,1
155,1,0.0,1,1,1,1,1
1640,1,0.0,1,1,1,1,1
1639,1,0.0,1,1,1,1,1
1672,1,0.0,1,1,1,1,1
1666,1,0.0,1,1,1,1,1
1664,1,0.0,1,1,1,1,1
167,1,0.0,1,1,1,1,1
1662,1,0.0,1,1,1,1,1
135,1,0.0,1,1,1,1,1
107,1,0.0,1,1,1,1,1
137,1,0.0,1,1,1,1,1
138,1,0.0,1,1,1,1,1
1625,1,0.0,1,1,1,1,1
30,1,0.0,1,1,1,1,1
1514,1,0.0,1,1,1,1,1
1516,1,0.0,1,1,1,1,1
1517,1,0.0,1,1,1,1,1
1519,1,0.0,1,1,1,1,1
1520,1,0.0,1,1,1,1,1
1523,1,0.0,1,1,1,1,1
1638,1,0.0,1,1,1,1,1
1636,1,0.0,1,1,1,1,1
1524,1,0.0,1,1,1,1,1
1557,1,0.0,1,1,1,1,1
1525,1,0.0,1,1,1,1,1
1526,1,0.0,1,1,1,1,1
1528,1,0.0,1,1,1,1,1
1635,1,0.0,1,1,1,1,1
1633,1,0.0,1,1,1,1,1
1513,1,0.0,1,1,1,1,1
111,1,0.0,1,1,1,1,1
127,1,0.0,1,1,1,1,1
128,1,0.0,1,1,1,1,1
131,1,0.0,1,1,1,1,1
132,1,0.0,1,1,1,1,1
133,1,0.0,1,1,1,1,1
134,1,0.0,1,1,1,1,1
103,1,0.0,1,1,1,1,1
110,1,0.0,1,1,1,1,1
105,1,0.0,1,1,1,1,1
1595,1,0.0,1,1,1,1,1
1597,1,0.0,1,1,1,1,1
109,1,0.0,1,1,1,1,1
1598,1,0.0,1,1,1,1,1
18,1,0.0,1,1,1,1,1
1600,1,0.0,1,1,1,1,1
1602,1,0.0,1,1,1,1,1
126,1,0.0,1,1,1,1,1
125,1,0.0,1,1,1,1,1
1607,1,0.0,1,1,1,1,1
1609,1,0.0,1,1,1,1,1
124,1,0.0,1,1,1,1,1
1610,1,0.0,1,1,1,1,1
1612,1,0.0,1,1,1,1,1
123,1,0.0,1,1,1,1,1
1590,1,0.0,1,1,1,1,1
1616,1,0.0,1,1,1,1,1
1621,1,0.0,1,1,1,1,1
1618,1,0.0,1,1,1,1,1
1619,1,0.0,1,1,1,1,1
1599,1,0.0,1,1,1,1,1
140,1,0.0,1,1,1,1,1
141,1,0.0,1,1,1,1,1
142,1,0.0,1,1,1,1,1
1628,1,0.0,1,1,1,1,1
144,1,0.0,1,1,1,1,1
145,1,0.0,1,1,1,1,1
146,1,0.0,1,1,1,1,1
147,1,0.0,1,1,1,1,1
148,1,0.0,1,1,1,1,1
1627,1,0.0,1,1,1,1,1
150,1,0.0,1,1,1,1,1
86,1,0.0,1,1,1,1,1
119,1,0.0,1,1,1,1,1
120,1,0.0,1,1,1,1,1
1561,1,0.0,1,1,1,1,1
122,1,0.0,1,1,1,1,1
1605,1,0.0,1,1,1,1,1
118,1,0.0,1,1,1,1,1
1606,1,0.0,1,1,1,1,1
1574,1,0.0,1,1,1,1,1
1575,1,0.0,1,1,1,1,1
1576,1,0.0,1,1,1,1,1
114,1,0.0,1,1,1,1,1
1579,1,0.0,1,1,1,1,1
1580,1,0.0,1,1,1,1,1
1581,1,0.0,1,1,1,1,1
113,1,0.0,1,1,1,1,1
1584,1,0.0,1,1,1,1,1
1586,1,0.0,1,1,1,1,1
112,1,0.0,1,1,1,1,1
121,1,0.0,1,1,1,1,1
1406,1,0.0,1,1,1,1,1
1407,1,0.0,1,1,1,1,1
1700,1,0.0,1,1,1,1,1
1408,1,0.0,1,1,1,1,1
1409,1,0.0,1,1,1,1,1
1410,1,0.0,1,1,1,1,1
1411,1,0.0,1,1,1,1,1
1768,1,0.0,1,1,1,1,1
1416,1,0.0,1,1,1,1,1
1417,1,0.0,1,1,1,1,1
1418,1,0.0,1,1,1,1,1
1419,1,0.0,1,1,1,1,1
1420,1,0.0,1,1,1,1,1
1421,1,0.0,1,1,1,1,1
151,1,0.0,1,1,1,1,1
1446,1,0.0,1,1,1,1,1
1447,1,0.0,1,1,1,1,1
1448,1,0.0,1,1,1,1,1
1449,1,0.0,1,1,1,1,1
1450,1,0.0,1,1,1,1,1
1454,1,0.0,1,1,1,1,1
1424,1,0.0,1,1,1,1,1
102,1,0.0,1,1,1,1,1
1426,1,0.0,1,1,1,1,1
101,1,0.0,1,1,1,1,1
1428,1,0.0,1,1,1,1,1
1429,1,0.0,1,1,1,1,1
1433,1,0.0,1,1,1,1,1
100,1,0.0,1,1,1,1,1
1434,1,0.0,1,1,1,1,1
1390,1,0.0,1,1,1,1,1
1343,1,0.0,1,1,1,1,1
1394,1,0.0,1,1,1,1,1
1681,1,0.0,1,1,1,1,1
1680,1,0.0,1,1,1,1,1
1399,1,0.0,1,1,1,1,1
1401,1,0.0,1,1,1,1,1
1402,1,0.0,1,1,1,1,1
1377,1,0.0,1,1,1,1,1
1378,1,0.0,1,1,1,1,1
1380,1,0.0,1,1,1,1,1
1381,1,0.0,1,1,1,1,1
1675,1,0.0,1,1,1,1,1
1384,1,0.0,1,1,1,1,1
1387,1,0.0,1,1,1,1,1
1439,1,0.0,1,1,1,1,1
1674,1,0.0,1,1,1,1,1
1393,1,0.0,1,1,1,1,1
1704,1,0.0,1,1,1,1,1
191,1,0.0,1,1,1,1,1
192,1,0.0,1,1,1,1,1
193,1,0.0,1,1,1,1,1
194,1,0.0,1,1,1,1,1
197,1,0.0,1,1,1,1,1
198,1,0.0,1,1,1,1,1
199,1,0.0,1,1,1,1,1
1703,1,0.0,1,1,1,1,1
1701,1,0.0,1,1,1,1,1
73,1,0.0,1,1,1,1,1
74,1,0.0,1,1,1,1,1
75,1,0.0,1,1,1,1,1
1388,1,0.0,1,1,1,1,1
1652,1,0.0,1,1,1,1,1
1476,1,0.0,1,1,1,1,1
1442,1,0.0,1,1,1,1,1
1443,1,0.0,1,1,1,1,1
1499,1,0.0,1,1,1,1,1
1501,1,0.0,1,1,1,1,1
1502,1,0.0,1,1,1,1,1
1503,1,0.0,1,1,1,1,1
1505,1,0.0,1,1,1,1,1
1651,1,0.0,1,1,1,1,1
1507,1,0.0,1,1,1,1,1
1508,1,0.0,1,1,1,1,1
1649,1,0.0,1,1,1,1,1
1478,1,0.0,1,1,1,1,1
1435,1,0.0,1,1,1,1,1
1648,1,0.0,1,1,1,1,1
1482,1,0.0,1,1,1,1,1
1483,1,0.0,1,1,1,1,1
1485,1,0.0,1,1,1,1,1
1486,1,0.0,1,1,1,1,1
1487,1,0.0,1,1,1,1,1
1494,1,0.0,1,1,1,1,1
1496,1,0.0,1,1,1,1,1
173,1,0.0,1,1,1,1,1
175,1,0.0,1,1,1,1,1
64,1,0.0,1,1,1,1,1
65,1,0.0,1,1,1,1,1
67,1,0.0,1,1,1,1,1
68,1,0.0,1,1,1,1,1
70,1,0.0,1,1,1,1,1
1479,1,0.0,1,1,1,1,1
1436,1,0.0,1,1,1,1,1
99,1,0.0,1,1,1,1,1
98,1,0.0,1,1,1,1,1
1444,1,0.0,1,1,1,1,1
76,1,0.0,1,1,1,1,1
97,1,0.0,1,1,1,1,1
78,1,0.0,1,1,1,1,1
79,1,0.0,1,1,1,1,1
177,1,0.0,1,1,1,1,1
178,1,0.0,1,1,1,1,1
96,1,0.0,1,1,1,1,1
95,1,0.0,1,1,1,1,1
182,1,0.0,1,1,1,1,1
183,1,0.0,1,1,1,1,1
1655,1,0.0,1,1,1,1,1
94,1,0.0,1,1,1,1,1
170,1,0.0,1,1,1,1,1
171,1,0.0,1,1,1,1,1
93,1,0.0,1,1,1,1,1
1445,1,0.0,1,1,1,1,1
1489,1,0.0,1,1,1,1,1
1490,1,0.0,1,1,1,1,1
1491,1,0.0,1,1,1,1,1
1492,1,0.0,1,1,1,1,1
1457,1,0.0,1,1,1,1,1
1458,1,0.0,1,1,1,1,1
1459,1,0.0,1,1,1,1,1
1658,1,0.0,1,1,1,1,1
1466,1,0.0,1,1,1,1,1
1469,1,0.0,1,1,1,1,1
184,1,0.0,1,1,1,1,1
690,1,0.0,1,1,1,1,1
689,1,0.0,1,1,1,1,1
718,1,0.0,1,1,1,1,1
717,1,0.0,1,1,1,1,1
716,1,0.0,1,1,1,1,1
715,1,0.0,1,1,1,1,1
685,1,0.0,1,1,1,1,1
684,1,0.0,1,1,1,1,1
1106,1,0.0,1,1,1,1,1
682,1,0.0,1,1,1,1,1
681,1,0.0,1,1,1,1,1
678,1,0.0,1,1,1,1,1
676,1,0.0,1,1,1,1,1
675,1,0.0,1,1,1,1,1
674,1,0.0,1,1,1,1,1
673,1,0.0,1,1,1,1,1
704,1,0.0,1,1,1,1,1
683,1,0.0,1,1,1,1,1
713,1,0.0,1,1,1,1,1
712,1,0.0,1,1,1,1,1
711,1,0.0,1,1,1,1,1
710,1,0.0,1,1,1,1,1
709,1,0.0,1,1,1,1,1
707,1,0.0,1,1,1,1,1
706,1,0.0,1,1,1,1,1
705,1,0.0,1,1,1,1,1
691,1,0.0,1,1,1,1,1
735,1,0.0,1,1,1,1,1
734,1,0.0,1,1,1,1,1
731,1,0.0,1,1,1,1,1
699,1,0.0,1,1,1,1,1
697,1,0.0,1,1,1,1,1
696,1,0.0,1,1,1,1,1
695,1,0.0,1,1,1,1,1
693,1,0.0,1,1,1,1,1
738,1,0.0,1,1,1,1,1
404,1,0.0,1,1,1,1,1
53,1,0.0,1,1,1,1,1
51,1,0.0,1,1,1,1,1
49,1,0.0,1,1,1,1,1
48,1,0.0,1,1,1,1,1
429,1,0.0,1,1,1,1,1
428,1,0.0,1,1,1,1,1
427,1,0.0,1,1,1,1,1
703,1,0.0,1,1,1,1,1
644,1,0.0,1,1,1,1,1
643,1,0.0,1,1,1,1,1
630,1,0.0,1,1,1,1,1
629,1,0.0,1,1,1,1,1
628,1,0.0,1,1,1,1,1
655,1,0.0,1,1,1,1,1
652,1,0.0,1,1,1,1,1
651,1,0.0,1,1,1,1,1
425,1,0.0,1,1,1,1,1
702,1,0.0,1,1,1,1,1
701,1,0.0,1,1,1,1,1
700,1,0.0,1,1,1,1,1
671,1,0.0,1,1,1,1,1
670,1,0.0,1,1,1,1,1
669,1,0.0,1,1,1,1,1
668,1,0.0,1,1,1,1,1
667,1,0.0,1,1,1,1,1
407,1,0.0,1,1,1,1,1
664,1,0.0,1,1,1,1,1
662,1,0.0,1,1,1,1,1
661,1,0.0,1,1,1,1,1
660,1,0.0,1,1,1,1,1
658,1,0.0,1,1,1,1,1
657,1,0.0,1,1,1,1,1
688,1,0.0,1,1,1,1,1
686,1,0.0,1,1,1,1,1
645,1,0.0,1,1,1,1,1
665,1,0.0,1,1,1,1,1
773,1,0.0,1,1,1,1,1
772,1,0.0,1,1,1,1,1
802,1,0.0,1,1,1,1,1
801,1,0.0,1,1,1,1,1
800,1,0.0,1,1,1,1,1
797,1,0.0,1,1,1,1,1
795,1,0.0,1,1,1,1,1
793,1,0.0,1,1,1,1,1
725,1,0.0,1,1,1,1,1
791,1,0.0,1,1,1,1,1
790,1,0.0,1,1,1,1,1
788,1,0.0,1,1,1,1,1
787,1,0.0,1,1,1,1,1
779,1,0.0,1,1,1,1,1
778,1,0.0,1,1,1,1,1
777,1,0.0,1,1,1,1,1
374,1,0.0,1,1,1,1,1
792,1,0.0,1,1,1,1,1
846,1,0.0,1,1,1,1,1
842,1,0.0,1,1,1,1,1
840,1,0.0,1,1,1,1,1
817,1,0.0,1,1,1,1,1
816,1,0.0,1,1,1,1,1
815,1,0.0,1,1,1,1,1
814,1,0.0,1,1,1,1,1
813,1,0.0,1,1,1,1,1
830,1,0.0,1,1,1,1,1
809,1,0.0,1,1,1,1,1
808,1,0.0,1,1,1,1,1
806,1,0.0,1,1,1,1,1
805,1,0.0,1,1,1,1,1
836,1,0.0,1,1,1,1,1
834,1,0.0,1,1,1,1,1
833,1,0.0,1,1,1,1,1
831,1,0.0,1,1,1,1,1
810,1,0.0,1,1,1,1,1
749,1,0.0,1,1,1,1,1
746,1,0.0,1,1,1,1,1
745,1,0.0,1,1,1,1,1
742,1,0.0,1,1,1,1,1
739,1,0.0,1,1,1,1,1
769,1,0.0,1,1,1,1,1
768,1,0.0,1,1,1,1,1
391,1,0.0,1,1,1,1,1
373,1,0.0,1,1,1,1,1
388,1,0.0,1,1,1,1,1
387,1,0.0,1,1,1,1,1
419,1,0.0,1,1,1,1,1
417,1,0.0,1,1,1,1,1
412,1,0.0,1,1,1,1,1
410,1,0.0,1,1,1,1,1
409,1,0.0,1,1,1,1,1
408,1,0.0,1,1,1,1,1
390,1,0.0,1,1,1,1,1
403,1,0.0,1,1,1,1,1
402,1,0.0,1,1,1,1,1
400,1,0.0,1,1,1,1,1
394,1,0.0,1,1,1,1,1
393,1,0.0,1,1,1,1,1
774,1,0.0,1,1,1,1,1
767,1,0.0,1,1,1,1,1
765,1,0.0,1,1,1,1,1
750,1,0.0,1,1,1,1,1
758,1,0.0,1,1,1,1,1
757,1,0.0,1,1,1,1,1
756,1,0.0,1,1,1,1,1
755,1,0.0,1,1,1,1,1
786,1,0.0,1,1,1,1,1
785,1,0.0,1,1,1,1,1
783,1,0.0,1,1,1,1,1
722,1,0.0,1,1,1,1,1
753,1,0.0,1,1,1,1,1
763,1,0.0,1,1,1,1,1
497,1,0.0,1,1,1,1,1
496,1,0.0,1,1,1,1,1
495,1,0.0,1,1,1,1,1
494,1,0.0,1,1,1,1,1
493,1,0.0,1,1,1,1,1
492,1,0.0,1,1,1,1,1
526,1,0.0,1,1,1,1,1
525,1,0.0,1,1,1,1,1
650,1,0.0,1,1,1,1,1
55,1,0.0,1,1,1,1,1
54,1,0.0,1,1,1,1,1
456,1,0.0,1,1,1,1,1
453,1,0.0,1,1,1,1,1
452,1,0.0,1,1,1,1,1
451,1,0.0,1,1,1,1,1
448,1,0.0,1,1,1,1,1
447,1,0.0,1,1,1,1,1
479,1,0.0,1,1,1,1,1
528,1,0.0,1,1,1,1,1
523,1,0.0,1,1,1,1,1
520,1,0.0,1,1,1,1,1
518,1,0.0,1,1,1,1,1
512,1,0.0,1,1,1,1,1
511,1,0.0,1,1,1,1,1
510,1,0.0,1,1,1,1,1
509,1,0.0,1,1,1,1,1
498,1,0.0,1,1,1,1,1
540,1,0.0,1,1,1,1,1
537,1,0.0,1,1,1,1,1
536,1,0.0,1,1,1,1,1
535,1,0.0,1,1,1,1,1
508,1,0.0,1,1,1,1,1
505,1,0.0,1,1,1,1,1
503,1,0.0,1,1,1,1,1
502,1,0.0,1,1,1,1,1
541,1,0.0,1,1,1,1,1
1780,1,0.0,1,1,1,1,1
1779,1,0.0,1,1,1,1,1
1778,1,0.0,1,1,1,1,1
1758,1,0.0,1,1,1,1,1
1757,1,0.0,1,1,1,1,1
7,1,0.0,1,1,1,1,1
6,1,0.0,1,1,1,1,1
1723,1,0.0,1,1,1,1,1
445,1,0.0,1,1,1,1,1
1749,1,0.0,1,1,1,1,1
1750,1,0.0,1,1,1,1,1
1751,1,0.0,1,1,1,1,1
1752,1,0.0,1,1,1,1,1
3,1,0.0,1,1,1,1,1
2,1,0.0,1,1,1,1,1
1784,1,0.0,1,1,1,1,1
5,1,0.0,1,1,1,1,1
1745,1,0.0,1,1,1,1,1
475,1,0.0,1,1,1,1,1
469,1,0.0,1,1,1,1,1
464,1,0.0,1,1,1,1,1
463,1,0.0,1,1,1,1,1
462,1,0.0,1,1,1,1,1
458,1,0.0,1,1,1,1,1
490,1,0.0,1,1,1,1,1
489,1,0.0,1,1,1,1,1
1781,1,0.0,1,1,1,1,1
486,1,0.0,1,1,1,1,1
485,1,0.0,1,1,1,1,1
483,1,0.0,1,1,1,1,1
482,1,0.0,1,1,1,1,1
1739,1,0.0,1,1,1,1,1
1721,1,0.0,1,1,1,1,1
4,1,0.0,1,1,1,1,1
1783,1,0.0,1,1,1,1,1
1782,1,0.0,1,1,1,1,1
488,1,0.0,1,1,1,1,1
598,1,0.0,1,1,1,1,1
597,1,0.0,1,1,1,1,1
595,1,0.0,1,1,1,1,1
594,1,0.0,1,1,1,1,1
622,1,0.0,1,1,1,1,1
620,1,0.0,1,1,1,1,1
588,1,0.0,1,1,1,1,1
587,1,0.0,1,1,1,1,1
60,1,0.0,1,1,1,1,1
585,1,0.0,1,1,1,1,1
583,1,0.0,1,1,1,1,1
582,1,0.0,1,1,1,1,1
581,1,0.0,1,1,1,1,1
580,1,0.0,1,1,1,1,1
578,1,0.0,1,1,1,1,1
577,1,0.0,1,1,1,1,1
607,1,0.0,1,1,1,1,1
586,1,0.0,1,1,1,1,1
649,1,0.0,1,1,1,1,1
648,1,0.0,1,1,1,1,1
647,1,0.0,1,1,1,1,1
619,1,0.0,1,1,1,1,1
618,1,0.0,1,1,1,1,1
616,1,0.0,1,1,1,1,1
615,1,0.0,1,1,1,1,1
613,1,0.0,1,1,1,1,1
599,1,0.0,1,1,1,1,1
610,1,0.0,1,1,1,1,1
609,1,0.0,1,1,1,1,1
640,1,0.0,1,1,1,1,1
639,1,0.0,1,1,1,1,1
637,1,0.0,1,1,1,1,1
636,1,0.0,1,1,1,1,1
635,1,0.0,1,1,1,1,1
604,1,0.0,1,1,1,1,1
601,1,0.0,1,1,1,1,1
611,1,0.0,1,1,1,1,1
549,1,0.0,1,1,1,1,1
548,1,0.0,1,1,1,1,1
547,1,0.0,1,1,1,1,1
546,1,0.0,1,1,1,1,1
544,1,0.0,1,1,1,1,1
543,1,0.0,1,1,1,1,1
576,1,0.0,1,1,1,1,1
534,1,0.0,1,1,1,1,1
606,1,0.0,1,1,1,1,1
531,1,0.0,1,1,1,1,1
424,1,0.0,1,1,1,1,1
423,1,0.0,1,1,1,1,1
422,1,0.0,1,1,1,1,1
421,1,0.0,1,1,1,1,1
439,1,0.0,1,1,1,1,1
436,1,0.0,1,1,1,1,1
63,1,0.0,1,1,1,1,1
532,1,0.0,1,1,1,1,1
605,1,0.0,1,1,1,1,1
575,1,0.0,1,1,1,1,1
574,1,0.0,1,1,1,1,1
571,1,0.0,1,1,1,1,1
570,1,0.0,1,1,1,1,1
567,1,0.0,1,1,1,1,1
566,1,0.0,1,1,1,1,1
564,1,0.0,1,1,1,1,1
550,1,0.0,1,1,1,1,1
592,1,0.0,1,1,1,1,1
591,1,0.0,1,1,1,1,1
590,1,0.0,1,1,1,1,1
589,1,0.0,1,1,1,1,1
527,1,0.0,1,1,1,1,1
556,1,0.0,1,1,1,1,1
555,1,0.0,1,1,1,1,1
552,1,0.0,1,1,1,1,1
551,1,0.0,1,1,1,1,1
560,1,0.0,1,1,1,1,1
1090,1,0.0,1,1,1,1,1
1089,1,0.0,1,1,1,1,1
1087,1,0.0,1,1,1,1,1
1084,1,0.0,1,1,1,1,1
1058,1,0.0,1,1,1,1,1
1054,1,0.0,1,1,1,1,1
1053,1,0.0,1,1,1,1,1
1052,1,0.0,1,1,1,1,1
847,1,0.0,1,1,1,1,1
1049,1,0.0,1,1,1,1,1
1048,1,0.0,1,1,1,1,1
1047,1,0.0,1,1,1,1,1
1078,1,0.0,1,1,1,1,1
1077,1,0.0,1,1,1,1,1
1076,1,0.0,1,1,1,1,1
1072,1,0.0,1,1,1,1,1
1071,1,0.0,1,1,1,1,1
1050,1,0.0,1,1,1,1,1
270,1,0.0,1,1,1,1,1
301,1,0.0,1,1,1,1,1
300,1,0.0,1,1,1,1,1
298,1,0.0,1,1,1,1,1
296,1,0.0,1,1,1,1,1
293,1,0.0,1,1,1,1,1
292,1,0.0,1,1,1,1,1
1081,1,0.0,1,1,1,1,1
1091,1,0.0,1,1,1,1,1
1069,1,0.0,1,1,1,1,1
1066,1,0.0,1,1,1,1,1
1065,1,0.0,1,1,1,1,1
1064,1,0.0,1,1,1,1,1
1063,1,0.0,1,1,1,1,1
1094,1,0.0,1,1,1,1,1
1093,1,0.0,1,1,1,1,1
1092,1,0.0,1,1,1,1,1
1080,1,0.0,1,1,1,1,1
1023,1,0.0,1,1,1,1,1
1022,1,0.0,1,1,1,1,1
319,1,0.0,1,1,1,1,1
318,1,0.0,1,1,1,1,1
314,1,0.0,1,1,1,1,1
313,1,0.0,1,1,1,1,1
312,1,0.0,1,1,1,1,1
311,1,0.0,1,1,1,1,1
308,1,0.0,1,1,1,1,1
1004,1,0.0,1,1,1,1,1
306,1,0.0,1,1,1,1,1
305,1,0.0,1,1,1,1,1
336,1,0.0,1,1,1,1,1
331,1,0.0,1,1,1,1,1
328,1,0.0,1,1,1,1,1
326,1,0.0,1,1,1,1,1
325,1,0.0,1,1,1,1,1
310,1,0.0,1,1,1,1,1
307,1,0.0,1,1,1,1,1
1017,1,0.0,1,1,1,1,1
1046,1,0.0,1,1,1,1,1
1044,1,0.0,1,1,1,1,1
1043,1,0.0,1,1,1,1,1
1042,1,0.0,1,1,1,1,1
1041,1,0.0,1,1,1,1,1
1036,1,0.0,1,1,1,1,1
1024,1,0.0,1,1,1,1,1
1034,1,0.0,1,1,1,1,1
1033,1,0.0,1,1,1,1,1
1032,1,0.0,1,1,1,1,1
1061,1,0.0,1,1,1,1,1
1060,1,0.0,1,1,1,1,1
1030,1,0.0,1,1,1,1,1
1028,1,0.0,1,1,1,1,1
1026,1,0.0,1,1,1,1,1
1025,1,0.0,1,1,1,1,1
1035,1,0.0,1,1,1,1,1
1147,1,0.0,1,1,1,1,1
257,1,0.0,1,1,1,1,1
256,1,0.0,1,1,1,1,1
255,1,0.0,1,1,1,1,1
254,1,0.0,1,1,1,1,1
282,1,0.0,1,1,1,1,1
281,1,0.0,1,1,1,1,1
280,1,0.0,1,1,1,1,1
271,1,0.0,1,1,1,1,1
278,1,0.0,1,1,1,1,1
275,1,0.0,1,1,1,1,1
1145,1,0.0,1,1,1,1,1
1144,1,0.0,1,1,1,1,1
1138,1,0.0,1,1,1,1,1
1136,1,0.0,1,1,1,1,1
1135,1,0.0,1,1,1,1,1
1133,1,0.0,1,1,1,1,1
279,1,0.0,1,1,1,1,1
1205,1,0.0,1,1,1,1,1
1203,1,0.0,1,1,1,1,1
1202,1,0.0,1,1,1,1,1
1201,1,0.0,1,1,1,1,1
1200,1,0.0,1,1,1,1,1
1199,1,0.0,1,1,1,1,1
1143,1,0.0,1,1,1,1,1
1173,1,0.0,1,1,1,1,1
1186,1,0.0,1,1,1,1,1
1168,1,0.0,1,1,1,1,1
1167,1,0.0,1,1,1,1,1
1165,1,0.0,1,1,1,1,1
1163,1,0.0,1,1,1,1,1
1162,1,0.0,1,1,1,1,1
1161,1,0.0,1,1,1,1,1
1159,1,0.0,1,1,1,1,1
1188,1,0.0,1,1,1,1,1
1171,1,0.0,1,1,1,1,1
1139,1,0.0,1,1,1,1,1
1079,1,0.0,1,1,1,1,1
1109,1,0.0,1,1,1,1,1
1108,1,0.0,1,1,1,1,1
1107,1,0.0,1,1,1,1,1
1742,1,0.0,1,1,1,1,1
1105,1,0.0,1,1,1,1,1
1101,1,0.0,1,1,1,1,1
1132,1,0.0,1,1,1,1,1
1099,1,0.0,1,1,1,1,1
1098,1,0.0,1,1,1,1,1
1097,1,0.0,1,1,1,1,1
1096,1,0.0,1,1,1,1,1
1095,1,0.0,1,1,1,1,1
1125,1,0.0,1,1,1,1,1
1083,1,0.0,1,1,1,1,1
272,1,0.0,1,1,1,1,1
1100,1,0.0,1,1,1,1,1
1130,1,0.0,1,1,1,1,1
1129,1,0.0,1,1,1,1,1
1128,1,0.0,1,1,1,1,1
1157,1,0.0,1,1,1,1,1
1155,1,0.0,1,1,1,1,1
1154,1,0.0,1,1,1,1,1
1152,1,0.0,1,1,1,1,1
1151,1,0.0,1,1,1,1,1
1111,1,0.0,1,1,1,1,1
1123,1,0.0,1,1,1,1,1
1121,1,0.0,1,1,1,1,1
1120,1,0.0,1,1,1,1,1
1119,1,0.0,1,1,1,1,1
1118,1,0.0,1,1,1,1,1
1117,1,0.0,1,1,1,1,1
1114,1,0.0,1,1,1,1,1
1113,1,0.0,1,1,1,1,1
1112,1,0.0,1,1,1,1,1
1124,1,0.0,1,1,1,1,1
915,1,0.0,1,1,1,1,1
910,1,0.0,1,1,1,1,1
909,1,0.0,1,1,1,1,1
881,1,0.0,1,1,1,1,1
880,1,0.0,1,1,1,1,1
879,1,0.0,1,1,1,1,1
878,1,0.0,1,1,1,1,1
877,1,0.0,1,1,1,1,1
1000,1,0.0,1,1,1,1,1
875,1,0.0,1,1,1,1,1
874,1,0.0,1,1,1,1,1
873,1,0.0,1,1,1,1,1
872,1,0.0,1,1,1,1,1
870,1,0.0,1,1,1,1,1
869,1,0.0,1,1,1,1,1
902,1,0.0,1,1,1,1,1
899,1,0.0,1,1,1,1,1
876,1,0.0,1,1,1,1,1
361,1,0.0,1,1,1,1,1
360,1,0.0,1,1,1,1,1
359,1,0.0,1,1,1,1,1
358,1,0.0,1,1,1,1,1
906,1,0.0,1,1,1,1,1
905,1,0.0,1,1,1,1,1
904,1,0.0,1,1,1,1,1
896,1,0.0,1,1,1,1,1
917,1,0.0,1,1,1,1,1
894,1,0.0,1,1,1,1,1
893,1,0.0,1,1,1,1,1
891,1,0.0,1,1,1,1,1
890,1,0.0,1,1,1,1,1
889,1,0.0,1,1,1,1,1
888,1,0.0,1,1,1,1,1
887,1,0.0,1,1,1,1,1
886,1,0.0,1,1,1,1,1
895,1,0.0,1,1,1,1,1
862,1,0.0,1,1,1,1,1
861,1,0.0,1,1,1,1,1
860,1,0.0,1,1,1,1,1
859,1,0.0,1,1,1,1,1
858,1,0.0,1,1,1,1,1
857,1,0.0,1,1,1,1,1
355,1,0.0,1,1,1,1,1
828,1,0.0,1,1,1,1,1
898,1,0.0,1,1,1,1,1
826,1,0.0,1,1,1,1,1
825,1,0.0,1,1,1,1,1
824,1,0.0,1,1,1,1,1
822,1,0.0,1,1,1,1,1
820,1,0.0,1,1,1,1,1
852,1,0.0,1,1,1,1,1
849,1,0.0,1,1,1,1,1
848,1,0.0,1,1,1,1,1
827,1,0.0,1,1,1,1,1
897,1,0.0,1,1,1,1,1
386,1,0.0,1,1,1,1,1
384,1,0.0,1,1,1,1,1
382,1,0.0,1,1,1,1,1
381,1,0.0,1,1,1,1,1
380,1,0.0,1,1,1,1,1
378,1,0.0,1,1,1,1,1
377,1,0.0,1,1,1,1,1
863,1,0.0,1,1,1,1,1
375,1,0.0,1,1,1,1,1
884,1,0.0,1,1,1,1,1
882,1,0.0,1,1,1,1,1
839,1,0.0,1,1,1,1,1
838,1,0.0,1,1,1,1,1
867,1,0.0,1,1,1,1,1
866,1,0.0,1,1,1,1,1
865,1,0.0,1,1,1,1,1
864,1,0.0,1,1,1,1,1
376,1,0.0,1,1,1,1,1
974,1,0.0,1,1,1,1,1
973,1,0.0,1,1,1,1,1
971,1,0.0,1,1,1,1,1
968,1,0.0,1,1,1,1,1
997,1,0.0,1,1,1,1,1
996,1,0.0,1,1,1,1,1
994,1,0.0,1,1,1,1,1
958,1,0.0,1,1,1,1,1
362,1,0.0,1,1,1,1,1
955,1,0.0,1,1,1,1,1
324,1,0.0,1,1,1,1,1
320,1,0.0,1,1,1,1,1
353,1,0.0,1,1,1,1,1
352,1,0.0,1,1,1,1,1
351,1,0.0,1,1,1,1,1
350,1,0.0,1,1,1,1,1
349,1,0.0,1,1,1,1,1
956,1,0.0,1,1,1,1,1
999,1,0.0,1,1,1,1,1
992,1,0.0,1,1,1,1,1
990,1,0.0,1,1,1,1,1
987,1,0.0,1,1,1,1,1
985,1,0.0,1,1,1,1,1
984,1,0.0,1,1,1,1,1
983,1,0.0,1,1,1,1,1
1014,1,0.0,1,1,1,1,1
978,1,0.0,1,1,1,1,1
1011,1,0.0,1,1,1,1,1
1010,1,0.0,1,1,1,1,1
1009,1,0.0,1,1,1,1,1
1006,1,0.0,1,1,1,1,1
1005,1,0.0,1,1,1,1,1
952,1,0.0,1,1,1,1,1
951,1,0.0,1,1,1,1,1
982,1,0.0,1,1,1,1,1
979,1,0.0,1,1,1,1,1
1013,1,0.0,1,1,1,1,1
931,1,0.0,1,1,1,1,1
928,1,0.0,1,1,1,1,1
927,1,0.0,1,1,1,1,1
925,1,0.0,1,1,1,1,1
924,1,0.0,1,1,1,1,1
921,1,0.0,1,1,1,1,1
920,1,0.0,1,1,1,1,1
919,1,0.0,1,1,1,1,1
348,1,0.0,1,1,1,1,1
948,1,0.0,1,1,1,1,1
946,1,0.0,1,1,1,1,1
908,1,0.0,1,1,1,1,1
337,1,0.0,1,1,1,1,1
370,1,0.0,1,1,1,1,1
369,1,0.0,1,1,1,1,1
364,1,0.0,1,1,1,1,1
363,1,0.0,1,1,1,1,1
949,1,0.0,1,1,1,1,1
346,1,0.0,1,1,1,1,1
342,1,0.0,1,1,1,1,1
945,1,0.0,1,1,1,1,1
944,1,0.0,1,1,1,1,1
943,1,0.0,1,1,1,1,1
941,1,0.0,1,1,1,1,1
940,1,0.0,1,1,1,1,1
939,1,0.0,1,1,1,1,1
932,1,0.0,1,1,1,1,1
937,1,0.0,1,1,1,1,1
935,1,0.0,1,1,1,1,1
966,1,0.0,1,1,1,1,1
964,1,0.0,1,1,1,1,1
963,1,0.0,1,1,1,1,1
962,1,0.0,1,1,1,1,1
960,1,0.0,1,1,1,1,1
959,1,0.0,1,1,1,1,1
934,1,0.0,1,1,1,1,1
938,1,0.0,1,1,1,1,1
