dataset,metric,population,n_records,n_states,n_selected_covered,availability_rate,n_bootstrap,tie_policy,seed,coverage,quantity,point_estimate,ci_low,ci_high
bus39,n_neighbors,table3_common,1044761,21783,1044793,0.9999693719234336,1000,fractional,42,,nAURC(MAE),0.9054385290958605,0.9034949056797892,0.9073565902949907
bus39,n_neighbors,table3_common,1044761,21783,1044793,0.9999693719234336,1000,fractional,42,1.0,mae,0.018988930118893507,,
bus39,n_neighbors,table3_common,1044761,21783,1044793,0.9999693719234336,1000,fractional,42,0.95,mae,0.018373915488187106,,
bus39,n_neighbors,table3_common,1044761,21783,1044793,0.9999693719234336,1000,fractional,42,0.9,mae,0.017993238584828933,,
bus39,n_neighbors,table3_common,1044761,21783,1044793,0.9999693719234336,1000,fractional,42,0.8,mae,0.017022560085421294,,
bus39,n_neighbors,table3_common,1044761,21783,1044793,0.9999693719234336,1000,fractional,42,0.7,mae,0.01660594619276607,,
bus39,n_neighbors,table3_common,1044761,21783,1044793,0.9999693719234336,1000,fractional,42,0.5,mae,0.01660594619276607,,
bus39,n_neighbors,own_support,1044793,21783,1044793,1.0,1000,fractional,42,,nAURC(MAE),0.9053981501391236,0.9034504885351108,0.9073038343720938
bus39,n_neighbors,own_support,1044793,21783,1044793,1.0,1000,fractional,42,1.0,mae,0.01898993735595979,,
bus39,n_neighbors,own_support,1044793,21783,1044793,1.0,1000,fractional,42,0.95,mae,0.01837417657107687,,
bus39,n_neighbors,own_support,1044793,21783,1044793,1.0,1000,fractional,42,0.9,mae,0.017993510254882914,,
bus39,n_neighbors,own_support,1044793,21783,1044793,1.0,1000,fractional,42,0.8,mae,0.01702269996911344,,
bus39,n_neighbors,own_support,1044793,21783,1044793,1.0,1000,fractional,42,0.7,mae,0.01660594619276607,,
bus39,n_neighbors,own_support,1044793,21783,1044793,1.0,1000,fractional,42,0.5,mae,0.01660594619276607,,
bus39,n_unique_states,table3_common,1044761,21783,1044793,0.9999693719234336,1000,fractional,42,,nAURC(MAE),0.9054385290958605,0.9034949056797892,0.9073565902949907
bus39,n_unique_states,table3_common,1044761,21783,1044793,0.9999693719234336,1000,fractional,42,1.0,mae,0.018988930118893507,,
bus39,n_unique_states,table3_common,1044761,21783,1044793,0.9999693719234336,1000,fractional,42,0.95,mae,0.018373915488187106,,
bus39,n_unique_states,table3_common,1044761,21783,1044793,0.9999693719234336,1000,fractional,42,0.9,mae,0.017993238584828933,,
bus39,n_unique_states,table3_common,1044761,21783,1044793,0.9999693719234336,1000,fractional,42,0.8,mae,0.017022560085421294,,
bus39,n_unique_states,table3_common,1044761,21783,1044793,0.9999693719234336,1000,fractional,42,0.7,mae,0.01660594619276607,,
bus39,n_unique_states,table3_common,1044761,21783,1044793,0.9999693719234336,1000,fractional,42,0.5,mae,0.01660594619276607,,
bus39,n_unique_states,own_support,1044793,21783,1044793,1.0,1000,fractional,42,,nAURC(MAE),0.9053981501391236,0.9034504885351108,0.9073038343720938
bus39,n_unique_states,own_support,1044793,21783,1044793,1.0,1000,fractional,42,1.0,mae,0.01898993735595979,,
bus39,n_unique_states,own_support,1044793,21783,1044793,1.0,1000,fractional,42,0.95,mae,0.01837417657107687,,
bus39,n_unique_states,own_support,1044793,21783,1044793,1.0,1000,fractional,42,0.9,mae,0.017993510254882914,,
bus39,n_unique_states,own_support,1044793,21783,1044793,1.0,1000,fractional,42,0.8,mae,0.01702269996911344,,
bus39,n_unique_states,own_support,1044793,21783,1044793,1.0,1000,fractional,42,0.7,mae,0.01660594619276607,,
bus39,n_unique_states,own_support,1044793,21783,1044793,1.0,1000,fractional,42,0.5,mae,0.01660594619276607,,
eles/2026-06,n_neighbors,table3_common,183422,3344,237168,0.7733842676921001,1000,fractional,42,,nAURC(MAE),0.9256162252368183,0.9149228591611567,0.9364864237890056
eles/2026-06,n_neighbors,table3_common,183422,3344,237168,0.7733842676921001,1000,fractional,42,1.0,mae,0.04432856358129092,,
eles/2026-06,n_neighbors,table3_common,183422,3344,237168,0.7733842676921001,1000,fractional,42,0.95,mae,0.043726597347619946,,
eles/2026-06,n_neighbors,table3_common,183422,3344,237168,0.7733842676921001,1000,fractional,42,0.9,mae,0.043057746787210464,,
eles/2026-06,n_neighbors,table3_common,183422,3344,237168,0.7733842676921001,1000,fractional,42,0.8,mae,0.04146923012483381,,
eles/2026-06,n_neighbors,table3_common,183422,3344,237168,0.7733842676921001,1000,fractional,42,0.7,mae,0.04009742412749651,,
eles/2026-06,n_neighbors,table3_common,183422,3344,237168,0.7733842676921001,1000,fractional,42,0.5,mae,0.03830207248580485,,
eles/2026-06,n_neighbors,own_support,237168,3344,237168,1.0,1000,fractional,42,,nAURC(MAE),0.8927924203771067,0.8823788317235671,0.9028015995371694
eles/2026-06,n_neighbors,own_support,237168,3344,237168,1.0,1000,fractional,42,1.0,mae,0.04974703075122927,,
eles/2026-06,n_neighbors,own_support,237168,3344,237168,1.0,1000,fractional,42,0.95,mae,0.04877380699464733,,
eles/2026-06,n_neighbors,own_support,237168,3344,237168,1.0,1000,fractional,42,0.9,mae,0.047692451317956436,,
eles/2026-06,n_neighbors,own_support,237168,3344,237168,1.0,1000,fractional,42,0.8,mae,0.04512412685743073,,
eles/2026-06,n_neighbors,own_support,237168,3344,237168,1.0,1000,fractional,42,0.7,mae,0.04312954858885997,,
eles/2026-06,n_neighbors,own_support,237168,3344,237168,1.0,1000,fractional,42,0.5,mae,0.039657410540502654,,
eles/2026-06,n_unique_states,table3_common,183422,3344,237168,0.7733842676921001,1000,fractional,42,,nAURC(MAE),0.9132679951856809,0.9012869277288501,0.9251043258551491
eles/2026-06,n_unique_states,table3_common,183422,3344,237168,0.7733842676921001,1000,fractional,42,1.0,mae,0.044328563581290926,,
eles/2026-06,n_unique_states,table3_common,183422,3344,237168,0.7733842676921001,1000,fractional,42,0.95,mae,0.04320362083491919,,
eles/2026-06,n_unique_states,table3_common,183422,3344,237168,0.7733842676921001,1000,fractional,42,0.9,mae,0.042272582654885066,,
eles/2026-06,n_unique_states,table3_common,183422,3344,237168,0.7733842676921001,1000,fractional,42,0.8,mae,0.041150649206014696,,
eles/2026-06,n_unique_states,table3_common,183422,3344,237168,0.7733842676921001,1000,fractional,42,0.7,mae,0.03970816833636515,,
eles/2026-06,n_unique_states,table3_common,183422,3344,237168,0.7733842676921001,1000,fractional,42,0.5,mae,0.03731800194222418,,
eles/2026-06,n_unique_states,own_support,237168,3344,237168,1.0,1000,fractional,42,,nAURC(MAE),0.886564868038616,0.8758179591645011,0.8973182265917877
eles/2026-06,n_unique_states,own_support,237168,3344,237168,1.0,1000,fractional,42,1.0,mae,0.04974703075122927,,
eles/2026-06,n_unique_states,own_support,237168,3344,237168,1.0,1000,fractional,42,0.95,mae,0.048802474292332414,,
eles/2026-06,n_unique_states,own_support,237168,3344,237168,1.0,1000,fractional,42,0.9,mae,0.04775297104924428,,
eles/2026-06,n_unique_states,own_support,237168,3344,237168,1.0,1000,fractional,42,0.8,mae,0.045260299203406434,,
eles/2026-06,n_unique_states,own_support,237168,3344,237168,1.0,1000,fractional,42,0.7,mae,0.042323294646057524,,
eles/2026-06,n_unique_states,own_support,237168,3344,237168,1.0,1000,fractional,42,0.5,mae,0.03912188447298327,,
